<?xml version = '1.0' encoding = 'UTF-8'?>
<Diagram class="oracle.dbtools.crest.swingui.datatypes.DPVDataTypes" id="CBC0321D-65EA-A51E-237D-66F21377C792">
   <createdBy>bboy</createdBy>
   <createdTime>2012-01-29 05:28:58 UTC</createdTime>
   <changedBy>bboy</changedBy>
   <changedTime>2012-01-29 05:28:58 UTC</changedTime>
   <autoRoute>false</autoRoute>
   <boxInbox>true</boxInbox>
   <showLegend>false</showLegend>
   <showLabels>false</showLabels>
   <showGrid>false</showGrid>
   <diagramColor>-1</diagramColor>
   <display>false</display>
   <notation>1</notation>
   <objectViews>
      <OView class="oracle.dbtools.crest.swingui.datatypes.TVStructuredType" oid="47E390DE-0671-C4B1-8428-0F45CBEE18F8" otype="StructuredType" vid="41085ABC-06F0-B474-4150-FCC30C393B75">
         <bounds x="20" y="20" width="108" height="39"/>
      </OView>
   </objectViews>
</Diagram>