<?xml version = '1.0' encoding = 'UTF-8'?>
<SegmentOraclev10g class="oracle.dbtools.crest.model.design.storage.oracle.v10g.SegmentOraclev10g" name="Segment44" id="67EF37B2-A45D-8C3E-BE2A-2A9356EFD85A" directorySegmentName="seg_0">
   <createdBy>bboy</createdBy>
   <createdTime>2012-01-29 05:04:32 UTC</createdTime>
   <changedBy>bboy</changedBy>
   <changedTime>2012-01-29 05:04:32 UTC</changedTime>
   <ownerDesignName>MedGest</ownerDesignName>
   <initrans>2</initrans>
   <maxTrans>255</maxTrans>
   <scInitialExtent>65536</scInitialExtent>
   <scMaxExtents>2147483645</scMaxExtents>
   <scNextExtent>1048576</scNextExtent>
</SegmentOraclev10g>