<?xml version = '1.0' encoding = 'UTF-8'?>
<SegmentOraclev10g class="oracle.dbtools.crest.model.design.storage.oracle.v10g.SegmentOraclev10g" name="Segment1" id="801724F3-7286-997F-01D1-634097A2306E" directorySegmentName="seg_0">
   <createdBy>bboy</createdBy>
   <createdTime>2012-01-29 05:04:27 UTC</createdTime>
   <changedBy>bboy</changedBy>
   <changedTime>2012-01-29 05:04:27 UTC</changedTime>
   <ownerDesignName>MedGest</ownerDesignName>
   <maxTrans>255</maxTrans>
   <scInitialExtent>65536</scInitialExtent>
   <scMaxExtents>2147483645</scMaxExtents>
   <scNextExtent>1048576</scNextExtent>
</SegmentOraclev10g>