<?xml version = '1.0' encoding = 'UTF-8'?>
<TableProxyOraclev11g class="oracle.dbtools.crest.model.design.storage.oracle.v11g.TableProxyOraclev11g" name="CFT" id="03148D75-10BA-3DCC-7374-D81825EBF4C1" directorySegmentName="seg_0">
   <createdBy>bboy</createdBy>
   <createdTime>2012-01-29 05:04:27 UTC</createdTime>
   <changedBy>bboy</changedBy>
   <changedTime>2012-01-29 05:04:33 UTC</changedTime>
   <ownerDesignName>MedGest</ownerDesignName>
   <logging>YES</logging>
   <partitionedRowMovement>DISABLE</partitionedRowMovement>
   <segment>801724F3-7286-997F-01D1-634097A2306E</segment>
   <tableSpace>0D18A947-3BC1-7C03-86C1-EAF4710DFA01</tableSpace>
   <columnProxies>
      <ColumnProxy class="oracle.dbtools.crest.model.design.storage.oracle.v11g.ColumnProxyOraclev11g" name="CODE" id="A62D1EED-D73E-505B-98C4-B8D942D003CD">
         <createdBy>bboy</createdBy>
         <createdTime>2012-01-29 05:04:28 UTC</createdTime>
         <changedBy>bboy</changedBy>
         <changedTime>2012-01-29 05:04:28 UTC</changedTime>
         <ownerDesignName>MedGest</ownerDesignName>
      </ColumnProxy>
      <ColumnProxy class="oracle.dbtools.crest.model.design.storage.oracle.v11g.ColumnProxyOraclev11g" name="DESCR" id="F1434135-5181-309A-1CE9-F39DC982A354">
         <createdBy>bboy</createdBy>
         <createdTime>2012-01-29 05:04:28 UTC</createdTime>
         <changedBy>bboy</changedBy>
         <changedTime>2012-01-29 05:04:28 UTC</changedTime>
         <ownerDesignName>MedGest</ownerDesignName>
      </ColumnProxy>
   </columnProxies>
   <indexProxies>
      <IndexProxy class="oracle.dbtools.crest.model.design.storage.oracle.v10g.IndexProxyOraclev10g" name="IX_SYS_C0013208" id="B14038B4-DD5F-574B-AC27-EE5780D300B2">
         <createdBy>bboy</createdBy>
         <createdTime>2012-01-29 05:04:32 UTC</createdTime>
         <changedBy>bboy</changedBy>
         <changedTime>2012-01-29 05:04:32 UTC</changedTime>
         <ownerDesignName>MedGest</ownerDesignName>
         <segment>67EF37B2-A45D-8C3E-BE2A-2A9356EFD85A</segment>
         <tableSpace>0D18A947-3BC1-7C03-86C1-EAF4710DFA01</tableSpace>
      </IndexProxy>
   </indexProxies>
   <primaryKeys>
      <PrimaryKey class="oracle.dbtools.crest.model.design.storage.oracle.v10g.PKProxyOraclev10g" name="SYS_C0013208" id="1CF74D6D-F8EA-FF4D-18AD-8BFF7C437FBF">
         <createdBy>bboy</createdBy>
         <createdTime>2012-01-29 05:04:33 UTC</createdTime>
         <changedBy>bboy</changedBy>
         <changedTime>2012-01-29 05:04:33 UTC</changedTime>
         <ownerDesignName>MedGest</ownerDesignName>
         <existingIndex>B14038B4-DD5F-574B-AC27-EE5780D300B2</existingIndex>
         <indexSort>NO</indexSort>
         <usingIndex>BY INDEX NAME</usingIndex>
      </PrimaryKey>
   </primaryKeys>
</TableProxyOraclev11g>