<?xml version = '1.0' encoding = 'UTF-8'?>
<TableProxyOraclev11g class="oracle.dbtools.crest.model.design.storage.oracle.v11g.TableProxyOraclev11g" name="SUBST_LNK" id="3DA4AF74-E27D-166A-B70A-D61C9D42A2F5" directorySegmentName="seg_0">
   <createdBy>bboy</createdBy>
   <createdTime>2012-01-29 05:04:28 UTC</createdTime>
   <changedBy>bboy</changedBy>
   <changedTime>2012-01-29 05:04:38 UTC</changedTime>
   <ownerDesignName>MedGest</ownerDesignName>
   <logging>YES</logging>
   <partitionedRowMovement>DISABLE</partitionedRowMovement>
   <segment>801724F3-7286-997F-01D1-634097A2306E</segment>
   <tableSpace>0D18A947-3BC1-7C03-86C1-EAF4710DFA01</tableSpace>
   <columnProxies>
      <ColumnProxy class="oracle.dbtools.crest.model.design.storage.oracle.v11g.ColumnProxyOraclev11g" name="SUBST_ID" id="27F37629-3EF0-A0D7-4F5D-D9D27F26D80D">
         <createdBy>bboy</createdBy>
         <createdTime>2012-01-29 05:04:31 UTC</createdTime>
         <changedBy>bboy</changedBy>
         <changedTime>2012-01-29 05:04:31 UTC</changedTime>
         <ownerDesignName>MedGest</ownerDesignName>
      </ColumnProxy>
      <ColumnProxy class="oracle.dbtools.crest.model.design.storage.oracle.v11g.ColumnProxyOraclev11g" name="SUBST_LNK_ID" id="96486C88-8AEC-9451-7ECE-5438E739FFAD">
         <createdBy>bboy</createdBy>
         <createdTime>2012-01-29 05:04:31 UTC</createdTime>
         <changedBy>bboy</changedBy>
         <changedTime>2012-01-29 05:04:31 UTC</changedTime>
         <ownerDesignName>MedGest</ownerDesignName>
      </ColumnProxy>
      <ColumnProxy class="oracle.dbtools.crest.model.design.storage.oracle.v11g.ColumnProxyOraclev11g" name="QUANTIDADE" id="D85F1005-EB24-E822-76F7-18A29A0185B2">
         <createdBy>bboy</createdBy>
         <createdTime>2012-01-29 05:04:31 UTC</createdTime>
         <changedBy>bboy</changedBy>
         <changedTime>2012-01-29 05:04:31 UTC</changedTime>
         <ownerDesignName>MedGest</ownerDesignName>
      </ColumnProxy>
      <ColumnProxy class="oracle.dbtools.crest.model.design.storage.oracle.v11g.ColumnProxyOraclev11g" name="MED_ID" id="E799EBA9-3C03-0BBC-E3B0-748BD8E4B860">
         <createdBy>bboy</createdBy>
         <createdTime>2012-01-29 05:04:31 UTC</createdTime>
         <changedBy>bboy</changedBy>
         <changedTime>2012-01-29 05:04:31 UTC</changedTime>
         <ownerDesignName>MedGest</ownerDesignName>
      </ColumnProxy>
   </columnProxies>
   <indexProxies>
      <IndexProxy class="oracle.dbtools.crest.model.design.storage.oracle.v10g.IndexProxyOraclev10g" name="IX_SYS_C0013202" id="88D0DB09-C1C1-61C5-A411-B624B6187F6D">
         <createdBy>bboy</createdBy>
         <createdTime>2012-01-29 05:04:33 UTC</createdTime>
         <changedBy>bboy</changedBy>
         <changedTime>2012-01-29 05:04:33 UTC</changedTime>
         <ownerDesignName>MedGest</ownerDesignName>
         <segment>67EF37B2-A45D-8C3E-BE2A-2A9356EFD85A</segment>
         <tableSpace>0D18A947-3BC1-7C03-86C1-EAF4710DFA01</tableSpace>
      </IndexProxy>
   </indexProxies>
   <foreignKeys>
      <ForeignKey class="oracle.dbtools.crest.model.design.storage.oracle.v10g.FKProxyOraclev10g" name="FK_SUBST_LNK_SUBST_ID" id="1CA80A57-5D39-DF6B-76D9-98B3D1472FF3">
         <createdBy>bboy</createdBy>
         <createdTime>2012-01-29 05:04:38 UTC</createdTime>
         <changedBy>bboy</changedBy>
         <changedTime>2012-01-29 05:04:38 UTC</changedTime>
         <ownerDesignName>MedGest</ownerDesignName>
      </ForeignKey>
      <ForeignKey class="oracle.dbtools.crest.model.design.storage.oracle.v10g.FKProxyOraclev10g" name="FK_SUBST_LNK_MED_ID" id="54A5EA51-5A87-F2FA-3D1C-034D9CD96D76">
         <createdBy>bboy</createdBy>
         <createdTime>2012-01-29 05:04:38 UTC</createdTime>
         <changedBy>bboy</changedBy>
         <changedTime>2012-01-29 05:04:38 UTC</changedTime>
         <ownerDesignName>MedGest</ownerDesignName>
      </ForeignKey>
   </foreignKeys>
   <primaryKeys>
      <PrimaryKey class="oracle.dbtools.crest.model.design.storage.oracle.v10g.PKProxyOraclev10g" name="SYS_C0013202" id="72C2D254-EF68-5BED-9E31-8315D3522D6C">
         <createdBy>bboy</createdBy>
         <createdTime>2012-01-29 05:04:36 UTC</createdTime>
         <changedBy>bboy</changedBy>
         <changedTime>2012-01-29 05:04:36 UTC</changedTime>
         <ownerDesignName>MedGest</ownerDesignName>
         <existingIndex>88D0DB09-C1C1-61C5-A411-B624B6187F6D</existingIndex>
         <indexSort>NO</indexSort>
         <usingIndex>BY INDEX NAME</usingIndex>
      </PrimaryKey>
   </primaryKeys>
</TableProxyOraclev11g>