<?xml version = '1.0' encoding = 'UTF-8'?>
<TableProxyOraclev11g class="oracle.dbtools.crest.model.design.storage.oracle.v11g.TableProxyOraclev11g" name="RECEITA" id="4A5F1F05-924C-6F8C-8BBA-6A9F6D518FE5" directorySegmentName="seg_0">
   <createdBy>bboy</createdBy>
   <createdTime>2012-01-29 05:04:28 UTC</createdTime>
   <changedBy>bboy</changedBy>
   <changedTime>2012-01-29 05:04:38 UTC</changedTime>
   <ownerDesignName>MedGest</ownerDesignName>
   <logging>YES</logging>
   <partitionedRowMovement>DISABLE</partitionedRowMovement>
   <segment>801724F3-7286-997F-01D1-634097A2306E</segment>
   <tableSpace>0D18A947-3BC1-7C03-86C1-EAF4710DFA01</tableSpace>
   <columnProxies>
      <ColumnProxy class="oracle.dbtools.crest.model.design.storage.oracle.v11g.ColumnProxyOraclev11g" name="N_EMB_DISP" id="1159AD12-F729-B336-57A2-0646BF7E5308">
         <createdBy>bboy</createdBy>
         <createdTime>2012-01-29 05:04:31 UTC</createdTime>
         <changedBy>bboy</changedBy>
         <changedTime>2012-01-29 05:04:31 UTC</changedTime>
         <ownerDesignName>MedGest</ownerDesignName>
      </ColumnProxy>
      <ColumnProxy class="oracle.dbtools.crest.model.design.storage.oracle.v11g.ColumnProxyOraclev11g" name="AUTH_GEN" id="42824F7F-E348-B00D-51B3-A2E54EE2B9AE">
         <createdBy>bboy</createdBy>
         <createdTime>2012-01-29 05:04:31 UTC</createdTime>
         <changedBy>bboy</changedBy>
         <changedTime>2012-01-29 05:04:31 UTC</changedTime>
         <ownerDesignName>MedGest</ownerDesignName>
      </ColumnProxy>
      <ColumnProxy class="oracle.dbtools.crest.model.design.storage.oracle.v11g.ColumnProxyOraclev11g" name="N_EMB" id="5621E564-D0A2-2059-16A2-9F38C96AB03C">
         <createdBy>bboy</createdBy>
         <createdTime>2012-01-29 05:04:31 UTC</createdTime>
         <changedBy>bboy</changedBy>
         <changedTime>2012-01-29 05:04:31 UTC</changedTime>
         <ownerDesignName>MedGest</ownerDesignName>
      </ColumnProxy>
      <ColumnProxy class="oracle.dbtools.crest.model.design.storage.oracle.v11g.ColumnProxyOraclev11g" name="RECEITA_ID" id="65795256-2574-D4A2-1442-C4B58AD237FD">
         <createdBy>bboy</createdBy>
         <createdTime>2012-01-29 05:04:30 UTC</createdTime>
         <changedBy>bboy</changedBy>
         <changedTime>2012-01-29 05:04:30 UTC</changedTime>
         <ownerDesignName>MedGest</ownerDesignName>
      </ColumnProxy>
      <ColumnProxy class="oracle.dbtools.crest.model.design.storage.oracle.v11g.ColumnProxyOraclev11g" name="EMB_ALTER_ID" id="9A66AFC6-20F1-DFFA-4E3A-D1A1C787B6C0">
         <createdBy>bboy</createdBy>
         <createdTime>2012-01-29 05:04:31 UTC</createdTime>
         <changedBy>bboy</changedBy>
         <changedTime>2012-01-29 05:04:31 UTC</changedTime>
         <ownerDesignName>MedGest</ownerDesignName>
         <defaultValue>NULL </defaultValue>
      </ColumnProxy>
      <ColumnProxy class="oracle.dbtools.crest.model.design.storage.oracle.v11g.ColumnProxyOraclev11g" name="EMB_ID" id="A2ADAB01-56B3-4916-A65D-4A7996484065">
         <createdBy>bboy</createdBy>
         <createdTime>2012-01-29 05:04:30 UTC</createdTime>
         <changedBy>bboy</changedBy>
         <changedTime>2012-01-29 05:04:30 UTC</changedTime>
         <ownerDesignName>MedGest</ownerDesignName>
      </ColumnProxy>
   </columnProxies>
   <foreignKeys>
      <ForeignKey class="oracle.dbtools.crest.model.design.storage.oracle.v10g.FKProxyOraclev10g" name="FK_ALTER_EMB" id="0B7FAD86-CEC4-3B6F-FC73-D7B06431CA62">
         <createdBy>bboy</createdBy>
         <createdTime>2012-01-29 05:04:38 UTC</createdTime>
         <changedBy>bboy</changedBy>
         <changedTime>2012-01-29 05:04:38 UTC</changedTime>
         <ownerDesignName>MedGest</ownerDesignName>
      </ForeignKey>
      <ForeignKey class="oracle.dbtools.crest.model.design.storage.oracle.v10g.FKProxyOraclev10g" name="EMB_IDFK" id="46770471-C229-E2C8-AE43-7B2BF95B29E0">
         <createdBy>bboy</createdBy>
         <createdTime>2012-01-29 05:04:38 UTC</createdTime>
         <changedBy>bboy</changedBy>
         <changedTime>2012-01-29 05:04:38 UTC</changedTime>
         <ownerDesignName>MedGest</ownerDesignName>
      </ForeignKey>
      <ForeignKey class="oracle.dbtools.crest.model.design.storage.oracle.v10g.FKProxyOraclev10g" name="RECEITA_PERSC" id="8BFE9EFE-FE8B-593E-D6FA-8DD9FF2F35E3">
         <createdBy>bboy</createdBy>
         <createdTime>2012-01-29 05:04:38 UTC</createdTime>
         <changedBy>bboy</changedBy>
         <changedTime>2012-01-29 05:04:38 UTC</changedTime>
         <ownerDesignName>MedGest</ownerDesignName>
      </ForeignKey>
   </foreignKeys>
   <primaryKeys>
      <PrimaryKey class="oracle.dbtools.crest.model.design.storage.oracle.v10g.PKProxyOraclev10g" name="RECEITA_PK" id="F27B8A83-04C0-0A3B-2581-3D4E44DAE029">
         <createdBy>bboy</createdBy>
         <createdTime>2012-01-29 05:04:36 UTC</createdTime>
         <changedBy>bboy</changedBy>
         <changedTime>2012-01-29 05:04:36 UTC</changedTime>
         <ownerDesignName>MedGest</ownerDesignName>
         <indexSort>NO</indexSort>
      </PrimaryKey>
   </primaryKeys>
</TableProxyOraclev11g>