<?xml version = '1.0' encoding = 'UTF-8'?>
<TableProxyOraclev11g class="oracle.dbtools.crest.model.design.storage.oracle.v11g.TableProxyOraclev11g" name="TIPO_PRECO" id="B21F1780-C848-6518-4B27-D4FA1E46CC9D" directorySegmentName="seg_0">
   <createdBy>bboy</createdBy>
   <createdTime>2012-01-29 05:04:28 UTC</createdTime>
   <changedBy>bboy</changedBy>
   <changedTime>2012-01-29 05:04:36 UTC</changedTime>
   <ownerDesignName>MedGest</ownerDesignName>
   <logging>YES</logging>
   <partitionedRowMovement>DISABLE</partitionedRowMovement>
   <segment>801724F3-7286-997F-01D1-634097A2306E</segment>
   <tableSpace>0D18A947-3BC1-7C03-86C1-EAF4710DFA01</tableSpace>
   <columnProxies>
      <ColumnProxy class="oracle.dbtools.crest.model.design.storage.oracle.v11g.ColumnProxyOraclev11g" name="TIPO_PRECO_ID" id="14B3B57E-BBE6-29A2-F431-C96969E353D6">
         <createdBy>bboy</createdBy>
         <createdTime>2012-01-29 05:04:31 UTC</createdTime>
         <changedBy>bboy</changedBy>
         <changedTime>2012-01-29 05:04:31 UTC</changedTime>
         <ownerDesignName>MedGest</ownerDesignName>
      </ColumnProxy>
      <ColumnProxy class="oracle.dbtools.crest.model.design.storage.oracle.v11g.ColumnProxyOraclev11g" name="DESCR" id="BDE21055-BF7B-5CA4-F567-03ABC313CB78">
         <createdBy>bboy</createdBy>
         <createdTime>2012-01-29 05:04:31 UTC</createdTime>
         <changedBy>bboy</changedBy>
         <changedTime>2012-01-29 05:04:31 UTC</changedTime>
         <ownerDesignName>MedGest</ownerDesignName>
      </ColumnProxy>
   </columnProxies>
   <indexProxies>
      <IndexProxy class="oracle.dbtools.crest.model.design.storage.oracle.v10g.IndexProxyOraclev10g" name="IX_SYS_C0013225" id="195543A6-3893-EF61-0266-A123ACC08E9B">
         <createdBy>bboy</createdBy>
         <createdTime>2012-01-29 05:04:33 UTC</createdTime>
         <changedBy>bboy</changedBy>
         <changedTime>2012-01-29 05:04:33 UTC</changedTime>
         <ownerDesignName>MedGest</ownerDesignName>
         <segment>67EF37B2-A45D-8C3E-BE2A-2A9356EFD85A</segment>
         <tableSpace>0D18A947-3BC1-7C03-86C1-EAF4710DFA01</tableSpace>
      </IndexProxy>
   </indexProxies>
   <primaryKeys>
      <PrimaryKey class="oracle.dbtools.crest.model.design.storage.oracle.v10g.PKProxyOraclev10g" name="SYS_C0013225" id="04ADDE0B-DC3C-BDD2-C8E3-67362925E7E5">
         <createdBy>bboy</createdBy>
         <createdTime>2012-01-29 05:04:36 UTC</createdTime>
         <changedBy>bboy</changedBy>
         <changedTime>2012-01-29 05:04:36 UTC</changedTime>
         <ownerDesignName>MedGest</ownerDesignName>
         <existingIndex>195543A6-3893-EF61-0266-A123ACC08E9B</existingIndex>
         <indexSort>NO</indexSort>
         <usingIndex>BY INDEX NAME</usingIndex>
      </PrimaryKey>
   </primaryKeys>
</TableProxyOraclev11g>