<?xml version = '1.0' encoding = 'UTF-8'?>
<TableProxyOraclev11g class="oracle.dbtools.crest.model.design.storage.oracle.v11g.TableProxyOraclev11g" name="ESTADO_AIM" id="D8F8162A-204C-DAD1-F8B6-73A900150A71" directorySegmentName="seg_0">
   <createdBy>bboy</createdBy>
   <createdTime>2012-01-29 05:04:27 UTC</createdTime>
   <changedBy>bboy</changedBy>
   <changedTime>2012-01-29 05:04:34 UTC</changedTime>
   <ownerDesignName>MedGest</ownerDesignName>
   <logging>YES</logging>
   <partitionedRowMovement>DISABLE</partitionedRowMovement>
   <segment>801724F3-7286-997F-01D1-634097A2306E</segment>
   <tableSpace>0D18A947-3BC1-7C03-86C1-EAF4710DFA01</tableSpace>
   <columnProxies>
      <ColumnProxy class="oracle.dbtools.crest.model.design.storage.oracle.v11g.ColumnProxyOraclev11g" name="DESCR" id="0073CF8E-8371-27FB-51DF-6E14A361A582">
         <createdBy>bboy</createdBy>
         <createdTime>2012-01-29 05:04:29 UTC</createdTime>
         <changedBy>bboy</changedBy>
         <changedTime>2012-01-29 05:04:29 UTC</changedTime>
         <ownerDesignName>MedGest</ownerDesignName>
      </ColumnProxy>
      <ColumnProxy class="oracle.dbtools.crest.model.design.storage.oracle.v11g.ColumnProxyOraclev11g" name="ESTADO_AIM_ID" id="654922F2-79C9-69AB-48F5-C6048D48EEAE">
         <createdBy>bboy</createdBy>
         <createdTime>2012-01-29 05:04:29 UTC</createdTime>
         <changedBy>bboy</changedBy>
         <changedTime>2012-01-29 05:04:29 UTC</changedTime>
         <ownerDesignName>MedGest</ownerDesignName>
      </ColumnProxy>
   </columnProxies>
   <indexProxies>
      <IndexProxy class="oracle.dbtools.crest.model.design.storage.oracle.v10g.IndexProxyOraclev10g" name="IX_SYS_C0013199" id="D1ED6899-7F72-034D-5901-F48C5A5EA3B5">
         <createdBy>bboy</createdBy>
         <createdTime>2012-01-29 05:04:32 UTC</createdTime>
         <changedBy>bboy</changedBy>
         <changedTime>2012-01-29 05:04:32 UTC</changedTime>
         <ownerDesignName>MedGest</ownerDesignName>
         <segment>67EF37B2-A45D-8C3E-BE2A-2A9356EFD85A</segment>
         <tableSpace>0D18A947-3BC1-7C03-86C1-EAF4710DFA01</tableSpace>
      </IndexProxy>
   </indexProxies>
   <primaryKeys>
      <PrimaryKey class="oracle.dbtools.crest.model.design.storage.oracle.v10g.PKProxyOraclev10g" name="SYS_C0013199" id="F5903161-BA12-1A20-9E1F-716190E0DA84">
         <createdBy>bboy</createdBy>
         <createdTime>2012-01-29 05:04:34 UTC</createdTime>
         <changedBy>bboy</changedBy>
         <changedTime>2012-01-29 05:04:34 UTC</changedTime>
         <ownerDesignName>MedGest</ownerDesignName>
         <existingIndex>D1ED6899-7F72-034D-5901-F48C5A5EA3B5</existingIndex>
         <indexSort>NO</indexSort>
         <usingIndex>BY INDEX NAME</usingIndex>
      </PrimaryKey>
   </primaryKeys>
</TableProxyOraclev11g>