<?xml version = '1.0' encoding = 'UTF-8'?>
<TableProxyOraclev11g class="oracle.dbtools.crest.model.design.storage.oracle.v11g.TableProxyOraclev11g" name="UNIDADE" id="F6EE2E3D-2C37-34FB-6B23-117D9E73204B" directorySegmentName="seg_0">
   <createdBy>bboy</createdBy>
   <createdTime>2012-01-29 05:04:28 UTC</createdTime>
   <changedBy>bboy</changedBy>
   <changedTime>2012-01-29 05:04:36 UTC</changedTime>
   <ownerDesignName>MedGest</ownerDesignName>
   <logging>YES</logging>
   <partitionedRowMovement>DISABLE</partitionedRowMovement>
   <segment>801724F3-7286-997F-01D1-634097A2306E</segment>
   <tableSpace>0D18A947-3BC1-7C03-86C1-EAF4710DFA01</tableSpace>
   <columnProxies>
      <ColumnProxy class="oracle.dbtools.crest.model.design.storage.oracle.v11g.ColumnProxyOraclev11g" name="UNIDADE_ID" id="85EAFD27-C0CB-7964-32DC-07848EA13CB9">
         <createdBy>bboy</createdBy>
         <createdTime>2012-01-29 05:04:31 UTC</createdTime>
         <changedBy>bboy</changedBy>
         <changedTime>2012-01-29 05:04:31 UTC</changedTime>
         <ownerDesignName>MedGest</ownerDesignName>
      </ColumnProxy>
      <ColumnProxy class="oracle.dbtools.crest.model.design.storage.oracle.v11g.ColumnProxyOraclev11g" name="DESCR" id="95CBBC41-FA6F-03A6-0C61-2C13AECDA2B9">
         <createdBy>bboy</createdBy>
         <createdTime>2012-01-29 05:04:31 UTC</createdTime>
         <changedBy>bboy</changedBy>
         <changedTime>2012-01-29 05:04:31 UTC</changedTime>
         <ownerDesignName>MedGest</ownerDesignName>
      </ColumnProxy>
   </columnProxies>
   <indexProxies>
      <IndexProxy class="oracle.dbtools.crest.model.design.storage.oracle.v10g.IndexProxyOraclev10g" name="IX_SYS_C0013219" id="226F8630-4FED-17E7-26B8-CBB5F817DD3B">
         <createdBy>bboy</createdBy>
         <createdTime>2012-01-29 05:04:33 UTC</createdTime>
         <changedBy>bboy</changedBy>
         <changedTime>2012-01-29 05:04:33 UTC</changedTime>
         <ownerDesignName>MedGest</ownerDesignName>
         <segment>67EF37B2-A45D-8C3E-BE2A-2A9356EFD85A</segment>
         <tableSpace>0D18A947-3BC1-7C03-86C1-EAF4710DFA01</tableSpace>
      </IndexProxy>
   </indexProxies>
   <primaryKeys>
      <PrimaryKey class="oracle.dbtools.crest.model.design.storage.oracle.v10g.PKProxyOraclev10g" name="SYS_C0013219" id="E58529A0-55EF-AD6A-1F0A-7BDAA210F6AD">
         <createdBy>bboy</createdBy>
         <createdTime>2012-01-29 05:04:36 UTC</createdTime>
         <changedBy>bboy</changedBy>
         <changedTime>2012-01-29 05:04:36 UTC</changedTime>
         <ownerDesignName>MedGest</ownerDesignName>
         <existingIndex>226F8630-4FED-17E7-26B8-CBB5F817DD3B</existingIndex>
         <indexSort>NO</indexSort>
         <usingIndex>BY INDEX NAME</usingIndex>
      </PrimaryKey>
   </primaryKeys>
</TableProxyOraclev11g>