<?xml version = '1.0' encoding = 'UTF-8'?>
<Diagram class="oracle.dbtools.crest.swingui.logical.DPVLogical" name="Logical" id="B15CA39F-C233-131D-4514-D1FEC35BB18A">
   <createdBy>bboy</createdBy>
   <createdTime>2012-01-29 05:28:58 UTC</createdTime>
   <changedBy>bboy</changedBy>
   <changedTime>2012-01-29 05:28:58 UTC</changedTime>
   <autoRoute>false</autoRoute>
   <boxInbox>true</boxInbox>
   <showLegend>false</showLegend>
   <showLabels>false</showLabels>
   <showGrid>false</showGrid>
   <diagramColor>-1</diagramColor>
   <display>false</display>
   <notation>1</notation>
</Diagram>