<?xml version = '1.0' encoding = 'UTF-8'?>
<Table class="oracle.dbtools.crest.model.design.relational.Table" id="3554187C-EA5B-0405-3696-764E95B5AC11" directorySegmentName="seg_0" name="FORM_FARM">
   <createdBy>bboy</createdBy>
   <createdTime>2012-01-29 05:04:27 UTC</createdTime>
   <changedBy>bboy</changedBy>
   <changedTime>2012-01-29 05:04:34 UTC</changedTime>
   <ownerDesignName>MedGest</ownerDesignName>
   <schemaObject>7DB7BA87-1391-A23A-32F4-428C0FD71C5D</schemaObject>
   <pkName>FORM_FARM_PK</pkName>
   <fonts>
      <FontObject class="oracle.dbtools.crest.model.design.FontObjectWr">
         <foType>Title</foType>
         <fontStyle>1</fontStyle>
         <colorRGB>-16776961</colorRGB>
      </FontObject>
      <FontObject class="oracle.dbtools.crest.model.design.FontObjectWr">
         <foType>Column</foType>
         <colorRGB>-16777216</colorRGB>
      </FontObject>
      <FontObject class="oracle.dbtools.crest.model.design.FontObjectWr">
         <foType>Datatype</foType>
         <colorRGB>-16744448</colorRGB>
      </FontObject>
      <FontObject class="oracle.dbtools.crest.model.design.FontObjectWr">
         <foType>PK Element</foType>
         <colorRGB>-16776961</colorRGB>
      </FontObject>
      <FontObject class="oracle.dbtools.crest.model.design.FontObjectWr">
         <foType>FK Element</foType>
         <colorRGB>-16777216</colorRGB>
      </FontObject>
      <FontObject class="oracle.dbtools.crest.model.design.FontObjectWr">
         <foType>UK Element</foType>
         <colorRGB>-16776961</colorRGB>
      </FontObject>
      <FontObject class="oracle.dbtools.crest.model.design.FontObjectWr">
         <foType>Not Null</foType>
         <colorRGB>-65536</colorRGB>
      </FontObject>
      <FontObject class="oracle.dbtools.crest.model.design.FontObjectWr">
         <foType>Key</foType>
         <colorRGB>-16777216</colorRGB>
      </FontObject>
   </fonts>
   <columns>
      <Column class="oracle.dbtools.crest.model.design.relational.Column" name="FORM_FARM_ID" id="D9475FEF-0AC9-8D8C-6802-2B2F08D46EDC">
         <createdBy>bboy</createdBy>
         <createdTime>2012-01-29 05:04:29 UTC</createdTime>
         <changedBy>bboy</changedBy>
         <changedTime>2012-01-29 05:04:29 UTC</changedTime>
         <ownerDesignName>MedGest</ownerDesignName>
         <use>1</use>
         <logicalDatatype>LOGDT019</logicalDatatype>
         <dataTypeSize>22</dataTypeSize>
      </Column>
      <Column class="oracle.dbtools.crest.model.design.relational.Column" name="DESCR" id="1EA61A73-9C3E-FD4D-B2E8-A5CFB0A7FC18">
         <createdBy>bboy</createdBy>
         <createdTime>2012-01-29 05:04:29 UTC</createdTime>
         <changedBy>bboy</changedBy>
         <changedTime>2012-01-29 05:04:29 UTC</changedTime>
         <ownerDesignName>MedGest</ownerDesignName>
         <nullsAllowed>true</nullsAllowed>
         <use>1</use>
         <logicalDatatype>LOGDT024</logicalDatatype>
         <dataTypeSize>80 BYTE</dataTypeSize>
      </Column>
   </columns>
   <indexes>
      <ind_PK_UK class="oracle.dbtools.crest.model.design.relational.Index" id="AA247ECA-2447-F857-4CE1-302B51C91A1B" name="FORM_FARM_PK">
         <createdBy>bboy</createdBy>
         <createdTime>2012-01-29 05:04:32 UTC</createdTime>
         <changedBy>bboy</changedBy>
         <changedTime>2012-01-29 05:04:34 UTC</changedTime>
         <ownerDesignName>MedGest</ownerDesignName>
         <schemaObject>7DB7BA87-1391-A23A-32F4-428C0FD71C5D</schemaObject>
         <pk>true</pk>
         <indexState>Primary Constraint</indexState>
         <indexColumnUsage>
            <colUsage columnID="D9475FEF-0AC9-8D8C-6802-2B2F08D46EDC"/>
         </indexColumnUsage>
      </ind_PK_UK>
   </indexes>
</Table>