<?xml version = '1.0' encoding = 'UTF-8'?>
<Table class="oracle.dbtools.crest.model.design.relational.Table" id="3BEEABDA-141A-E7D2-4EA9-26456EBA0339" directorySegmentName="seg_0" name="ATC_LNK">
   <createdBy>bboy</createdBy>
   <createdTime>2012-01-29 05:04:27 UTC</createdTime>
   <changedBy>bboy</changedBy>
   <changedTime>2012-01-29 05:04:38 UTC</changedTime>
   <ownerDesignName>MedGest</ownerDesignName>
   <schemaObject>7DB7BA87-1391-A23A-32F4-428C0FD71C5D</schemaObject>
   <pkName>SYS_C0013209</pkName>
   <fonts>
      <FontObject class="oracle.dbtools.crest.model.design.FontObjectWr">
         <foType>Title</foType>
         <fontStyle>1</fontStyle>
         <colorRGB>-16776961</colorRGB>
      </FontObject>
      <FontObject class="oracle.dbtools.crest.model.design.FontObjectWr">
         <foType>Column</foType>
         <colorRGB>-16777216</colorRGB>
      </FontObject>
      <FontObject class="oracle.dbtools.crest.model.design.FontObjectWr">
         <foType>Datatype</foType>
         <colorRGB>-16744448</colorRGB>
      </FontObject>
      <FontObject class="oracle.dbtools.crest.model.design.FontObjectWr">
         <foType>PK Element</foType>
         <colorRGB>-16776961</colorRGB>
      </FontObject>
      <FontObject class="oracle.dbtools.crest.model.design.FontObjectWr">
         <foType>FK Element</foType>
         <colorRGB>-16777216</colorRGB>
      </FontObject>
      <FontObject class="oracle.dbtools.crest.model.design.FontObjectWr">
         <foType>UK Element</foType>
         <colorRGB>-16776961</colorRGB>
      </FontObject>
      <FontObject class="oracle.dbtools.crest.model.design.FontObjectWr">
         <foType>Not Null</foType>
         <colorRGB>-65536</colorRGB>
      </FontObject>
      <FontObject class="oracle.dbtools.crest.model.design.FontObjectWr">
         <foType>Key</foType>
         <colorRGB>-16777216</colorRGB>
      </FontObject>
   </fonts>
   <columns>
      <Column class="oracle.dbtools.crest.model.design.relational.Column" name="ATC_LNK_ID" id="841FEA39-2006-6A57-CF40-72297C0D646F">
         <createdBy>bboy</createdBy>
         <createdTime>2012-01-29 05:04:28 UTC</createdTime>
         <changedBy>bboy</changedBy>
         <changedTime>2012-01-29 05:04:28 UTC</changedTime>
         <ownerDesignName>MedGest</ownerDesignName>
         <use>1</use>
         <logicalDatatype>LOGDT019</logicalDatatype>
         <dataTypeSize>22</dataTypeSize>
      </Column>
      <Column class="oracle.dbtools.crest.model.design.relational.Column" name="MED_ID" id="65F77DB5-7AD7-C6F4-21F9-229D79AB5646">
         <createdBy>bboy</createdBy>
         <createdTime>2012-01-29 05:04:28 UTC</createdTime>
         <changedBy>bboy</changedBy>
         <changedTime>2012-01-29 05:04:28 UTC</changedTime>
         <ownerDesignName>MedGest</ownerDesignName>
         <nullsAllowed>true</nullsAllowed>
         <use>1</use>
         <logicalDatatype>LOGDT019</logicalDatatype>
         <dataTypeSize>22</dataTypeSize>
         <delegate>F885AE1F-5BF7-8B99-CCE4-241725F93AA0</delegate>
         <associations>
            <colAssociation fkAssociation="3238693B-920F-2818-DB18-A2F593E7F8C6" referredColumn="F885AE1F-5BF7-8B99-CCE4-241725F93AA0"/>
         </associations>
      </Column>
      <Column class="oracle.dbtools.crest.model.design.relational.Column" name="CODE" id="C72A4B86-A678-50B5-D20E-EFFC864AD0DF">
         <createdBy>bboy</createdBy>
         <createdTime>2012-01-29 05:04:28 UTC</createdTime>
         <changedBy>bboy</changedBy>
         <changedTime>2012-01-29 05:04:28 UTC</changedTime>
         <ownerDesignName>MedGest</ownerDesignName>
         <nullsAllowed>true</nullsAllowed>
         <use>1</use>
         <logicalDatatype>LOGDT024</logicalDatatype>
         <dataTypeSize>10 BYTE</dataTypeSize>
         <delegate>741663E0-5FC2-A948-E994-8613E02CD85B</delegate>
         <associations>
            <colAssociation fkAssociation="135FA15F-6EF1-79B3-14FD-49913DD78950" referredColumn="741663E0-5FC2-A948-E994-8613E02CD85B"/>
         </associations>
      </Column>
   </columns>
   <indexes>
      <ind_PK_UK class="oracle.dbtools.crest.model.design.relational.Index" id="32AB7309-597E-3104-42BD-11A5C26E701F" name="SYS_C0013209">
         <createdBy>bboy</createdBy>
         <createdTime>2012-01-29 05:04:33 UTC</createdTime>
         <changedBy>bboy</changedBy>
         <changedTime>2012-01-29 05:04:33 UTC</changedTime>
         <ownerDesignName>MedGest</ownerDesignName>
         <pk>true</pk>
         <indexState>Primary Constraint</indexState>
         <indexColumnUsage>
            <colUsage columnID="841FEA39-2006-6A57-CF40-72297C0D646F"/>
         </indexColumnUsage>
      </ind_PK_UK>
      <ind_PK_UK class="oracle.dbtools.crest.model.design.relational.Index" id="35151BDA-A337-239C-DC09-12EFDC5033C3" name="IX_SYS_C0013209">
         <createdBy>bboy</createdBy>
         <createdTime>2012-01-29 05:04:32 UTC</createdTime>
         <changedBy>bboy</changedBy>
         <changedTime>2012-01-29 05:04:33 UTC</changedTime>
         <ownerDesignName>MedGest</ownerDesignName>
         <schemaObject>7DB7BA87-1391-A23A-32F4-428C0FD71C5D</schemaObject>
         <indexState>Unique Plain Index</indexState>
         <indexColumnUsage>
            <colUsage columnID="841FEA39-2006-6A57-CF40-72297C0D646F"/>
         </indexColumnUsage>
      </ind_PK_UK>
      <ind_PK_UK class="oracle.dbtools.crest.model.design.relational.Index" id="4C246613-58A5-C08F-2ADC-EDA9D89A2F8A" name="FK_ATC_LNK_MED_ID">
         <createdBy>bboy</createdBy>
         <createdTime>2012-01-29 05:04:38 UTC</createdTime>
         <changedBy>bboy</changedBy>
         <changedTime>2012-01-29 05:04:38 UTC</changedTime>
         <ownerDesignName>MedGest</ownerDesignName>
         <indexColumnUsage>
            <colUsage columnID="65F77DB5-7AD7-C6F4-21F9-229D79AB5646"/>
         </indexColumnUsage>
      </ind_PK_UK>
      <ind_PK_UK class="oracle.dbtools.crest.model.design.relational.Index" id="5C05A800-5A0C-6F25-7DEF-073A5E884D8D" name="FK_ATC_LNK_ID">
         <createdBy>bboy</createdBy>
         <createdTime>2012-01-29 05:04:38 UTC</createdTime>
         <changedBy>bboy</changedBy>
         <changedTime>2012-01-29 05:04:38 UTC</changedTime>
         <ownerDesignName>MedGest</ownerDesignName>
         <indexColumnUsage>
            <colUsage columnID="C72A4B86-A678-50B5-D20E-EFFC864AD0DF"/>
         </indexColumnUsage>
      </ind_PK_UK>
   </indexes>
</Table>