<?xml version = '1.0' encoding = 'UTF-8'?>
<Table class="oracle.dbtools.crest.model.design.relational.Table" id="67F702C6-0CA8-A951-D058-52C4D725FC2C" directorySegmentName="seg_0" name="TIPO_EMB">
   <createdBy>bboy</createdBy>
   <createdTime>2012-01-29 05:04:28 UTC</createdTime>
   <changedBy>bboy</changedBy>
   <changedTime>2012-01-29 05:04:36 UTC</changedTime>
   <ownerDesignName>MedGest</ownerDesignName>
   <schemaObject>7DB7BA87-1391-A23A-32F4-428C0FD71C5D</schemaObject>
   <pkName>SYS_C0013218</pkName>
   <fonts>
      <FontObject class="oracle.dbtools.crest.model.design.FontObjectWr">
         <foType>Title</foType>
         <fontStyle>1</fontStyle>
         <colorRGB>-16776961</colorRGB>
      </FontObject>
      <FontObject class="oracle.dbtools.crest.model.design.FontObjectWr">
         <foType>Column</foType>
         <colorRGB>-16777216</colorRGB>
      </FontObject>
      <FontObject class="oracle.dbtools.crest.model.design.FontObjectWr">
         <foType>Datatype</foType>
         <colorRGB>-16744448</colorRGB>
      </FontObject>
      <FontObject class="oracle.dbtools.crest.model.design.FontObjectWr">
         <foType>PK Element</foType>
         <colorRGB>-16776961</colorRGB>
      </FontObject>
      <FontObject class="oracle.dbtools.crest.model.design.FontObjectWr">
         <foType>FK Element</foType>
         <colorRGB>-16777216</colorRGB>
      </FontObject>
      <FontObject class="oracle.dbtools.crest.model.design.FontObjectWr">
         <foType>UK Element</foType>
         <colorRGB>-16776961</colorRGB>
      </FontObject>
      <FontObject class="oracle.dbtools.crest.model.design.FontObjectWr">
         <foType>Not Null</foType>
         <colorRGB>-65536</colorRGB>
      </FontObject>
      <FontObject class="oracle.dbtools.crest.model.design.FontObjectWr">
         <foType>Key</foType>
         <colorRGB>-16777216</colorRGB>
      </FontObject>
   </fonts>
   <columns>
      <Column class="oracle.dbtools.crest.model.design.relational.Column" name="TIPO_EMB_ID" id="D22AD04D-6E09-5FC4-686F-D0A4AFAE3E56">
         <createdBy>bboy</createdBy>
         <createdTime>2012-01-29 05:04:31 UTC</createdTime>
         <changedBy>bboy</changedBy>
         <changedTime>2012-01-29 05:04:31 UTC</changedTime>
         <ownerDesignName>MedGest</ownerDesignName>
         <use>1</use>
         <logicalDatatype>LOGDT019</logicalDatatype>
         <dataTypeSize>22</dataTypeSize>
      </Column>
      <Column class="oracle.dbtools.crest.model.design.relational.Column" name="DESCR" id="0979E2FA-8977-4A4E-0925-9EA38DB5FAB3">
         <createdBy>bboy</createdBy>
         <createdTime>2012-01-29 05:04:31 UTC</createdTime>
         <changedBy>bboy</changedBy>
         <changedTime>2012-01-29 05:04:31 UTC</changedTime>
         <ownerDesignName>MedGest</ownerDesignName>
         <nullsAllowed>true</nullsAllowed>
         <use>1</use>
         <logicalDatatype>LOGDT024</logicalDatatype>
         <dataTypeSize>80 BYTE</dataTypeSize>
      </Column>
   </columns>
   <indexes>
      <ind_PK_UK class="oracle.dbtools.crest.model.design.relational.Index" id="A8C629B8-3E54-A75B-38CF-B792ACD3BD25" name="SYS_C0013218">
         <createdBy>bboy</createdBy>
         <createdTime>2012-01-29 05:04:36 UTC</createdTime>
         <changedBy>bboy</changedBy>
         <changedTime>2012-01-29 05:04:36 UTC</changedTime>
         <ownerDesignName>MedGest</ownerDesignName>
         <pk>true</pk>
         <indexState>Primary Constraint</indexState>
         <indexColumnUsage>
            <colUsage columnID="D22AD04D-6E09-5FC4-686F-D0A4AFAE3E56"/>
         </indexColumnUsage>
      </ind_PK_UK>
      <ind_PK_UK class="oracle.dbtools.crest.model.design.relational.Index" id="4AC14E4A-6AF4-2AD0-E0E8-736A347401CE" name="IX_SYS_C0013218">
         <createdBy>bboy</createdBy>
         <createdTime>2012-01-29 05:04:33 UTC</createdTime>
         <changedBy>bboy</changedBy>
         <changedTime>2012-01-29 05:04:36 UTC</changedTime>
         <ownerDesignName>MedGest</ownerDesignName>
         <schemaObject>7DB7BA87-1391-A23A-32F4-428C0FD71C5D</schemaObject>
         <indexState>Unique Plain Index</indexState>
         <indexColumnUsage>
            <colUsage columnID="D22AD04D-6E09-5FC4-686F-D0A4AFAE3E56"/>
         </indexColumnUsage>
      </ind_PK_UK>
   </indexes>
</Table>