<?xml version = '1.0' encoding = 'UTF-8'?>
<Table class="oracle.dbtools.crest.model.design.relational.Table" id="7614E8D2-9864-BD12-1B8F-DEEBFE5D8ADE" directorySegmentName="seg_0" name="TIPO_PROD">
   <createdBy>bboy</createdBy>
   <createdTime>2012-01-29 05:04:28 UTC</createdTime>
   <changedBy>bboy</changedBy>
   <changedTime>2012-01-29 05:04:36 UTC</changedTime>
   <ownerDesignName>MedGest</ownerDesignName>
   <schemaObject>7DB7BA87-1391-A23A-32F4-428C0FD71C5D</schemaObject>
   <pkName>SYS_C0013201</pkName>
   <fonts>
      <FontObject class="oracle.dbtools.crest.model.design.FontObjectWr">
         <foType>Title</foType>
         <fontStyle>1</fontStyle>
         <colorRGB>-16776961</colorRGB>
      </FontObject>
      <FontObject class="oracle.dbtools.crest.model.design.FontObjectWr">
         <foType>Column</foType>
         <colorRGB>-16777216</colorRGB>
      </FontObject>
      <FontObject class="oracle.dbtools.crest.model.design.FontObjectWr">
         <foType>Datatype</foType>
         <colorRGB>-16744448</colorRGB>
      </FontObject>
      <FontObject class="oracle.dbtools.crest.model.design.FontObjectWr">
         <foType>PK Element</foType>
         <colorRGB>-16776961</colorRGB>
      </FontObject>
      <FontObject class="oracle.dbtools.crest.model.design.FontObjectWr">
         <foType>FK Element</foType>
         <colorRGB>-16777216</colorRGB>
      </FontObject>
      <FontObject class="oracle.dbtools.crest.model.design.FontObjectWr">
         <foType>UK Element</foType>
         <colorRGB>-16776961</colorRGB>
      </FontObject>
      <FontObject class="oracle.dbtools.crest.model.design.FontObjectWr">
         <foType>Not Null</foType>
         <colorRGB>-65536</colorRGB>
      </FontObject>
      <FontObject class="oracle.dbtools.crest.model.design.FontObjectWr">
         <foType>Key</foType>
         <colorRGB>-16777216</colorRGB>
      </FontObject>
   </fonts>
   <columns>
      <Column class="oracle.dbtools.crest.model.design.relational.Column" name="TIPO_PROD_ID" id="95B2B361-CDEA-A331-69E5-FF1D881F9C7D">
         <createdBy>bboy</createdBy>
         <createdTime>2012-01-29 05:04:31 UTC</createdTime>
         <changedBy>bboy</changedBy>
         <changedTime>2012-01-29 05:04:31 UTC</changedTime>
         <ownerDesignName>MedGest</ownerDesignName>
         <use>1</use>
         <logicalDatatype>LOGDT019</logicalDatatype>
         <dataTypeSize>22</dataTypeSize>
      </Column>
      <Column class="oracle.dbtools.crest.model.design.relational.Column" name="DESCR" id="6126677A-7AA9-F652-BA15-F565D6A4523B">
         <createdBy>bboy</createdBy>
         <createdTime>2012-01-29 05:04:31 UTC</createdTime>
         <changedBy>bboy</changedBy>
         <changedTime>2012-01-29 05:04:31 UTC</changedTime>
         <ownerDesignName>MedGest</ownerDesignName>
         <nullsAllowed>true</nullsAllowed>
         <use>1</use>
         <logicalDatatype>LOGDT024</logicalDatatype>
         <dataTypeSize>80 BYTE</dataTypeSize>
      </Column>
   </columns>
   <indexes>
      <ind_PK_UK class="oracle.dbtools.crest.model.design.relational.Index" id="37E77B90-6E32-2140-7563-5149947DBE6B" name="SYS_C0013201">
         <createdBy>bboy</createdBy>
         <createdTime>2012-01-29 05:04:36 UTC</createdTime>
         <changedBy>bboy</changedBy>
         <changedTime>2012-01-29 05:04:36 UTC</changedTime>
         <ownerDesignName>MedGest</ownerDesignName>
         <pk>true</pk>
         <indexState>Primary Constraint</indexState>
         <indexColumnUsage>
            <colUsage columnID="95B2B361-CDEA-A331-69E5-FF1D881F9C7D"/>
         </indexColumnUsage>
      </ind_PK_UK>
      <ind_PK_UK class="oracle.dbtools.crest.model.design.relational.Index" id="6A9DF107-6F0B-E32C-B228-EEC9ABDB7652" name="IX_SYS_C0013201">
         <createdBy>bboy</createdBy>
         <createdTime>2012-01-29 05:04:33 UTC</createdTime>
         <changedBy>bboy</changedBy>
         <changedTime>2012-01-29 05:04:36 UTC</changedTime>
         <ownerDesignName>MedGest</ownerDesignName>
         <schemaObject>7DB7BA87-1391-A23A-32F4-428C0FD71C5D</schemaObject>
         <indexState>Unique Plain Index</indexState>
         <indexColumnUsage>
            <colUsage columnID="95B2B361-CDEA-A331-69E5-FF1D881F9C7D"/>
         </indexColumnUsage>
      </ind_PK_UK>
   </indexes>
</Table>