<?xml version = '1.0' encoding = 'UTF-8'?>
<Table class="oracle.dbtools.crest.model.design.relational.Table" id="CC5DC695-59D2-9B91-B2E7-E3D057275130" directorySegmentName="seg_0" name="USERS">
   <createdBy>bboy</createdBy>
   <createdTime>2012-01-29 05:04:28 UTC</createdTime>
   <changedBy>bboy</changedBy>
   <changedTime>2012-01-29 05:04:38 UTC</changedTime>
   <ownerDesignName>MedGest</ownerDesignName>
   <schemaObject>7DB7BA87-1391-A23A-32F4-428C0FD71C5D</schemaObject>
   <pkName>MEDICOS_PK</pkName>
   <fonts>
      <FontObject class="oracle.dbtools.crest.model.design.FontObjectWr">
         <foType>Title</foType>
         <fontStyle>1</fontStyle>
         <colorRGB>-16776961</colorRGB>
      </FontObject>
      <FontObject class="oracle.dbtools.crest.model.design.FontObjectWr">
         <foType>Column</foType>
         <colorRGB>-16777216</colorRGB>
      </FontObject>
      <FontObject class="oracle.dbtools.crest.model.design.FontObjectWr">
         <foType>Datatype</foType>
         <colorRGB>-16744448</colorRGB>
      </FontObject>
      <FontObject class="oracle.dbtools.crest.model.design.FontObjectWr">
         <foType>PK Element</foType>
         <colorRGB>-16776961</colorRGB>
      </FontObject>
      <FontObject class="oracle.dbtools.crest.model.design.FontObjectWr">
         <foType>FK Element</foType>
         <colorRGB>-16777216</colorRGB>
      </FontObject>
      <FontObject class="oracle.dbtools.crest.model.design.FontObjectWr">
         <foType>UK Element</foType>
         <colorRGB>-16776961</colorRGB>
      </FontObject>
      <FontObject class="oracle.dbtools.crest.model.design.FontObjectWr">
         <foType>Not Null</foType>
         <colorRGB>-65536</colorRGB>
      </FontObject>
      <FontObject class="oracle.dbtools.crest.model.design.FontObjectWr">
         <foType>Key</foType>
         <colorRGB>-16777216</colorRGB>
      </FontObject>
   </fonts>
   <columns>
      <Column class="oracle.dbtools.crest.model.design.relational.Column" name="USER_ID" id="C73AC3C4-6A46-F2ED-9632-9F640A55CF65">
         <createdBy>bboy</createdBy>
         <createdTime>2012-01-29 05:04:31 UTC</createdTime>
         <changedBy>bboy</changedBy>
         <changedTime>2012-01-29 05:04:31 UTC</changedTime>
         <ownerDesignName>MedGest</ownerDesignName>
         <use>1</use>
         <logicalDatatype>LOGDT019</logicalDatatype>
         <dataTypeSize>22</dataTypeSize>
      </Column>
      <Column class="oracle.dbtools.crest.model.design.relational.Column" name="NOME" id="40EE9A15-7CC0-BD47-181F-B3C087A21C5E">
         <createdBy>bboy</createdBy>
         <createdTime>2012-01-29 05:04:31 UTC</createdTime>
         <changedBy>bboy</changedBy>
         <changedTime>2012-01-29 05:04:31 UTC</changedTime>
         <ownerDesignName>MedGest</ownerDesignName>
         <use>1</use>
         <logicalDatatype>LOGDT024</logicalDatatype>
         <dataTypeSize>100 BYTE</dataTypeSize>
      </Column>
      <Column class="oracle.dbtools.crest.model.design.relational.Column" name="ESPEC_ID" id="2790686D-0A53-8E2C-7881-A38092735307">
         <createdBy>bboy</createdBy>
         <createdTime>2012-01-29 05:04:31 UTC</createdTime>
         <changedBy>bboy</changedBy>
         <changedTime>2012-01-29 05:04:31 UTC</changedTime>
         <ownerDesignName>MedGest</ownerDesignName>
         <use>1</use>
         <logicalDatatype>LOGDT019</logicalDatatype>
         <dataTypeSize>22</dataTypeSize>
         <delegate>B40926B8-F0B1-9C35-5360-4C0DF742333B</delegate>
         <associations>
            <colAssociation fkAssociation="73F4307D-9169-F595-AE7D-0DFE902DC934" referredColumn="B40926B8-F0B1-9C35-5360-4C0DF742333B"/>
         </associations>
      </Column>
      <Column class="oracle.dbtools.crest.model.design.relational.Column" name="TELF" id="1FA13C5A-78A3-EACD-9F22-843501659E0D">
         <createdBy>bboy</createdBy>
         <createdTime>2012-01-29 05:04:31 UTC</createdTime>
         <changedBy>bboy</changedBy>
         <changedTime>2012-01-29 05:04:31 UTC</changedTime>
         <ownerDesignName>MedGest</ownerDesignName>
         <use>1</use>
         <logicalDatatype>LOGDT019</logicalDatatype>
         <dataTypeSize>22</dataTypeSize>
      </Column>
      <Column class="oracle.dbtools.crest.model.design.relational.Column" name="LOCAL_ID" id="2F2068CE-38C3-BD23-F915-ECF06E62858F">
         <createdBy>bboy</createdBy>
         <createdTime>2012-01-29 05:04:31 UTC</createdTime>
         <changedBy>bboy</changedBy>
         <changedTime>2012-01-29 05:04:31 UTC</changedTime>
         <ownerDesignName>MedGest</ownerDesignName>
         <nullsAllowed>true</nullsAllowed>
         <defaultValue>0&amp;lt;br/&amp;gt;</defaultValue>
         <use>1</use>
         <logicalDatatype>LOGDT019</logicalDatatype>
         <dataTypeSize>22</dataTypeSize>
         <delegate>34EBE0FE-74B3-53BF-B40F-DC9FFABC017E</delegate>
         <associations>
            <colAssociation fkAssociation="F15BA34A-1F14-9029-E16E-24DE48C14CE7" referredColumn="34EBE0FE-74B3-53BF-B40F-DC9FFABC017E"/>
         </associations>
      </Column>
   </columns>
   <indexes>
      <ind_PK_UK class="oracle.dbtools.crest.model.design.relational.Index" id="26EF690D-C984-A9EA-DED1-84B2B1A634BE" name="MEDICOS_PK">
         <createdBy>bboy</createdBy>
         <createdTime>2012-01-29 05:04:33 UTC</createdTime>
         <changedBy>bboy</changedBy>
         <changedTime>2012-01-29 05:04:37 UTC</changedTime>
         <ownerDesignName>MedGest</ownerDesignName>
         <schemaObject>7DB7BA87-1391-A23A-32F4-428C0FD71C5D</schemaObject>
         <pk>true</pk>
         <indexState>Primary Constraint</indexState>
         <indexColumnUsage>
            <colUsage columnID="C73AC3C4-6A46-F2ED-9632-9F640A55CF65"/>
         </indexColumnUsage>
      </ind_PK_UK>
      <ind_PK_UK class="oracle.dbtools.crest.model.design.relational.Index" id="3ED258FC-E869-F8A9-FED0-AC3237DD8FCD" name="ESPECIA">
         <createdBy>bboy</createdBy>
         <createdTime>2012-01-29 05:04:38 UTC</createdTime>
         <changedBy>bboy</changedBy>
         <changedTime>2012-01-29 05:04:38 UTC</changedTime>
         <ownerDesignName>MedGest</ownerDesignName>
         <indexColumnUsage>
            <colUsage columnID="2790686D-0A53-8E2C-7881-A38092735307"/>
         </indexColumnUsage>
      </ind_PK_UK>
      <ind_PK_UK class="oracle.dbtools.crest.model.design.relational.Index" id="868EE707-41BA-69D5-AC2E-D3685920CAF0" name="FK_LOCAL">
         <createdBy>bboy</createdBy>
         <createdTime>2012-01-29 05:04:38 UTC</createdTime>
         <changedBy>bboy</changedBy>
         <changedTime>2012-01-29 05:04:38 UTC</changedTime>
         <ownerDesignName>MedGest</ownerDesignName>
         <indexColumnUsage>
            <colUsage columnID="2F2068CE-38C3-BD23-F915-ECF06E62858F"/>
         </indexColumnUsage>
      </ind_PK_UK>
   </indexes>
</Table>