<?xml version = '1.0' encoding = 'UTF-8'?>
<Table class="oracle.dbtools.crest.model.design.relational.Table" id="E24BC89F-F8DD-A0C4-A395-4182E84B0585" directorySegmentName="seg_0" name="LOGINDATA">
   <createdBy>bboy</createdBy>
   <createdTime>2012-01-29 05:04:28 UTC</createdTime>
   <changedBy>bboy</changedBy>
   <changedTime>2012-01-29 05:04:38 UTC</changedTime>
   <ownerDesignName>MedGest</ownerDesignName>
   <schemaObject>7DB7BA87-1391-A23A-32F4-428C0FD71C5D</schemaObject>
   <pkName>LOGINDATA_PK</pkName>
   <fonts>
      <FontObject class="oracle.dbtools.crest.model.design.FontObjectWr">
         <foType>Title</foType>
         <fontStyle>1</fontStyle>
         <colorRGB>-16776961</colorRGB>
      </FontObject>
      <FontObject class="oracle.dbtools.crest.model.design.FontObjectWr">
         <foType>Column</foType>
         <colorRGB>-16777216</colorRGB>
      </FontObject>
      <FontObject class="oracle.dbtools.crest.model.design.FontObjectWr">
         <foType>Datatype</foType>
         <colorRGB>-16744448</colorRGB>
      </FontObject>
      <FontObject class="oracle.dbtools.crest.model.design.FontObjectWr">
         <foType>PK Element</foType>
         <colorRGB>-16776961</colorRGB>
      </FontObject>
      <FontObject class="oracle.dbtools.crest.model.design.FontObjectWr">
         <foType>FK Element</foType>
         <colorRGB>-16777216</colorRGB>
      </FontObject>
      <FontObject class="oracle.dbtools.crest.model.design.FontObjectWr">
         <foType>UK Element</foType>
         <colorRGB>-16776961</colorRGB>
      </FontObject>
      <FontObject class="oracle.dbtools.crest.model.design.FontObjectWr">
         <foType>Not Null</foType>
         <colorRGB>-65536</colorRGB>
      </FontObject>
      <FontObject class="oracle.dbtools.crest.model.design.FontObjectWr">
         <foType>Key</foType>
         <colorRGB>-16777216</colorRGB>
      </FontObject>
   </fonts>
   <columns>
      <Column class="oracle.dbtools.crest.model.design.relational.Column" name="USER_ID" id="4C93E149-D582-384F-22D7-9FE19EA93BA5">
         <createdBy>bboy</createdBy>
         <createdTime>2012-01-29 05:04:30 UTC</createdTime>
         <changedBy>bboy</changedBy>
         <changedTime>2012-01-29 05:04:30 UTC</changedTime>
         <ownerDesignName>MedGest</ownerDesignName>
         <use>1</use>
         <logicalDatatype>LOGDT019</logicalDatatype>
         <dataTypeSize>22</dataTypeSize>
         <delegate>C73AC3C4-6A46-F2ED-9632-9F640A55CF65</delegate>
         <associations>
            <colAssociation fkAssociation="DB255F1A-83FE-3C22-D5F0-BDFB8D82500A" referredColumn="C73AC3C4-6A46-F2ED-9632-9F640A55CF65"/>
         </associations>
      </Column>
      <Column class="oracle.dbtools.crest.model.design.relational.Column" name="HASH" id="254E7076-8294-4D92-8C6F-655AD7D66A8D">
         <createdBy>bboy</createdBy>
         <createdTime>2012-01-29 05:04:30 UTC</createdTime>
         <changedBy>bboy</changedBy>
         <changedTime>2012-01-29 05:04:30 UTC</changedTime>
         <ownerDesignName>MedGest</ownerDesignName>
         <use>1</use>
         <logicalDatatype>LOGDT024</logicalDatatype>
         <dataTypeSize>256 BYTE</dataTypeSize>
      </Column>
      <Column class="oracle.dbtools.crest.model.design.relational.Column" name="AUTH_ID" id="4245B8CE-2D35-A4BD-8480-EC6086DB88FB">
         <createdBy>bboy</createdBy>
         <createdTime>2012-01-29 05:04:30 UTC</createdTime>
         <changedBy>bboy</changedBy>
         <changedTime>2012-01-29 05:04:30 UTC</changedTime>
         <ownerDesignName>MedGest</ownerDesignName>
         <use>1</use>
         <logicalDatatype>LOGDT019</logicalDatatype>
         <dataTypeSize>22</dataTypeSize>
         <delegate>EDBF3F2E-12B0-C681-BE8A-DE3D1FE52543</delegate>
         <associations>
            <colAssociation fkAssociation="A3CD8C8C-EA8D-BA51-D345-59CE72C465AF" referredColumn="EDBF3F2E-12B0-C681-BE8A-DE3D1FE52543"/>
         </associations>
      </Column>
   </columns>
   <indexes>
      <ind_PK_UK class="oracle.dbtools.crest.model.design.relational.Index" id="A9D053B2-53B4-7A0D-8821-F7FA43DF4F97" name="LOGINDATA_PK">
         <createdBy>bboy</createdBy>
         <createdTime>2012-01-29 05:04:32 UTC</createdTime>
         <changedBy>bboy</changedBy>
         <changedTime>2012-01-29 05:04:35 UTC</changedTime>
         <ownerDesignName>MedGest</ownerDesignName>
         <schemaObject>7DB7BA87-1391-A23A-32F4-428C0FD71C5D</schemaObject>
         <pk>true</pk>
         <indexState>Primary Constraint</indexState>
         <indexColumnUsage>
            <colUsage columnID="4C93E149-D582-384F-22D7-9FE19EA93BA5"/>
         </indexColumnUsage>
      </ind_PK_UK>
      <ind_PK_UK class="oracle.dbtools.crest.model.design.relational.Index" id="D1B93DA4-9FF2-0F02-0BD1-2F6C3145339C" name="FK_AUTH_ID">
         <createdBy>bboy</createdBy>
         <createdTime>2012-01-29 05:04:38 UTC</createdTime>
         <changedBy>bboy</changedBy>
         <changedTime>2012-01-29 05:04:38 UTC</changedTime>
         <ownerDesignName>MedGest</ownerDesignName>
         <indexColumnUsage>
            <colUsage columnID="4245B8CE-2D35-A4BD-8480-EC6086DB88FB"/>
         </indexColumnUsage>
      </ind_PK_UK>
      <ind_PK_UK class="oracle.dbtools.crest.model.design.relational.Index" id="84D431A5-3724-7BCA-D1ED-8297EF8F1F3E" name="PASS_ID">
         <createdBy>bboy</createdBy>
         <createdTime>2012-01-29 05:04:38 UTC</createdTime>
         <changedBy>bboy</changedBy>
         <changedTime>2012-01-29 05:04:38 UTC</changedTime>
         <ownerDesignName>MedGest</ownerDesignName>
         <indexColumnUsage>
            <colUsage columnID="4C93E149-D582-384F-22D7-9FE19EA93BA5"/>
         </indexColumnUsage>
      </ind_PK_UK>
   </indexes>
</Table>