<?xml version = '1.0' encoding = 'UTF-8'?>
<FKIndexAssociation class="oracle.dbtools.crest.model.design.relational.FKIndexAssociation" id="00B304FB-0C6C-2CD3-6A01-AF3C861BDE48" directorySegmentName="seg_0" name="FK_COMERC_EMB_ID">
   <createdBy>bboy</createdBy>
   <createdTime>2012-01-29 05:04:38 UTC</createdTime>
   <changedBy>bboy</changedBy>
   <changedTime>2012-01-29 05:04:38 UTC</changedTime>
   <ownerDesignName>MedGest</ownerDesignName>
   <containerWithKeyObject>1EEF96FF-0826-DC27-6722-1FAB014847E9</containerWithKeyObject>
   <deleteRule>NO ACTION</deleteRule>
   <localFKIndex>81D3F68B-AC36-D035-D1BE-5380BE302321</localFKIndex>
   <keyObject>C632D907-2EBB-503D-1208-DA87A2E8AB78</keyObject>
   <mandatory>false</mandatory>
   <transferable>true</transferable>
</FKIndexAssociation>