<?xml version = '1.0' encoding = 'UTF-8'?>
<FKIndexAssociation class="oracle.dbtools.crest.model.design.relational.FKIndexAssociation" id="016C6AF2-CEA6-32E5-82D5-34074F3DFB41" directorySegmentName="seg_0" name="FK_LOCAL_ID">
   <createdBy>bboy</createdBy>
   <createdTime>2012-01-29 05:04:38 UTC</createdTime>
   <changedBy>bboy</changedBy>
   <changedTime>2012-01-29 05:04:38 UTC</changedTime>
   <ownerDesignName>MedGest</ownerDesignName>
   <containerWithKeyObject>2DB17DC2-A7BE-D0AC-9015-61EA75C399BA</containerWithKeyObject>
   <deleteRule>NO ACTION</deleteRule>
   <localFKIndex>661F2B8C-1587-D51A-B1C9-7BCA24B06F96</localFKIndex>
   <keyObject>5E5C2524-9F18-096E-BB02-A402FFC83254</keyObject>
   <mandatory>false</mandatory>
   <transferable>true</transferable>
</FKIndexAssociation>