<?xml version = '1.0' encoding = 'UTF-8'?>
<FKIndexAssociation class="oracle.dbtools.crest.model.design.relational.FKIndexAssociation" id="03B32D98-0C2D-96E3-0664-59C2471E68D0" directorySegmentName="seg_0" name="FK_VIAS_ADMIN_LNK_ID">
   <createdBy>bboy</createdBy>
   <createdTime>2012-01-29 05:04:38 UTC</createdTime>
   <changedBy>bboy</changedBy>
   <changedTime>2012-01-29 05:04:38 UTC</changedTime>
   <ownerDesignName>MedGest</ownerDesignName>
   <containerWithKeyObject>85768D95-2D58-87DD-8D86-9E97F34E5388</containerWithKeyObject>
   <deleteRule>NO ACTION</deleteRule>
   <localFKIndex>40D337B7-3E8E-B942-AD1B-0C7416922028</localFKIndex>
   <keyObject>08065913-FD49-AAB5-A053-860A2F647923</keyObject>
   <mandatory>false</mandatory>
   <transferable>true</transferable>
</FKIndexAssociation>