<?xml version = '1.0' encoding = 'UTF-8'?>
<FKIndexAssociation class="oracle.dbtools.crest.model.design.relational.FKIndexAssociation" id="09028D37-3A7C-EC23-9423-FA0F6ABDA7BF" directorySegmentName="seg_0" name="FK_PATOL_ESP_ID">
   <createdBy>bboy</createdBy>
   <createdTime>2012-01-29 05:04:38 UTC</createdTime>
   <changedBy>bboy</changedBy>
   <changedTime>2012-01-29 05:04:38 UTC</changedTime>
   <ownerDesignName>MedGest</ownerDesignName>
   <containerWithKeyObject>9C0A984B-B7F1-F7BA-4180-9244791731CA</containerWithKeyObject>
   <deleteRule>NO ACTION</deleteRule>
   <localFKIndex>D1737338-69E0-5BF1-ABC6-F6BB6DA25252</localFKIndex>
   <keyObject>B4B5FE06-C65C-1CD3-D6E2-7A99083E3DB1</keyObject>
   <mandatory>false</mandatory>
   <transferable>true</transferable>
</FKIndexAssociation>