<?xml version = '1.0' encoding = 'UTF-8'?>
<FKIndexAssociation class="oracle.dbtools.crest.model.design.relational.FKIndexAssociation" id="09681851-7BED-2DE9-FA74-C73807DF20E4" directorySegmentName="seg_0" name="FK_COMERC_ID">
   <createdBy>bboy</createdBy>
   <createdTime>2012-01-29 05:04:38 UTC</createdTime>
   <changedBy>bboy</changedBy>
   <changedTime>2012-01-29 05:04:38 UTC</changedTime>
   <ownerDesignName>MedGest</ownerDesignName>
   <containerWithKeyObject>1EEF96FF-0826-DC27-6722-1FAB014847E9</containerWithKeyObject>
   <deleteRule>NO ACTION</deleteRule>
   <localFKIndex>87A6C2E0-A8D3-7B9C-CDCB-C6D7421674DC</localFKIndex>
   <keyObject>60DD8E7B-C4C9-4D68-2207-C5D0B81722FF</keyObject>
   <mandatory>false</mandatory>
   <transferable>true</transferable>
</FKIndexAssociation>