<?xml version = '1.0' encoding = 'UTF-8'?>
<FKIndexAssociation class="oracle.dbtools.crest.model.design.relational.FKIndexAssociation" id="132FF856-8A14-11E4-C1C6-94076762B0EA" directorySegmentName="seg_0" name="FK_DIABETES_LNK_ID">
   <createdBy>bboy</createdBy>
   <createdTime>2012-01-29 05:04:38 UTC</createdTime>
   <changedBy>bboy</changedBy>
   <changedTime>2012-01-29 05:04:38 UTC</changedTime>
   <ownerDesignName>MedGest</ownerDesignName>
   <containerWithKeyObject>8C6044C3-ADA6-C46E-D8B7-C1936B2503A6</containerWithKeyObject>
   <deleteRule>NO ACTION</deleteRule>
   <localFKIndex>3BBCE3E7-013D-3EF0-89B4-A2F73F0C2A73</localFKIndex>
   <keyObject>3A44B105-4302-70E0-F44B-DABA933C532F</keyObject>
   <mandatory>false</mandatory>
   <transferable>true</transferable>
</FKIndexAssociation>