<?xml version = '1.0' encoding = 'UTF-8'?>
<FKIndexAssociation class="oracle.dbtools.crest.model.design.relational.FKIndexAssociation" id="135FA15F-6EF1-79B3-14FD-49913DD78950" directorySegmentName="seg_0" name="FK_ATC_LNK_ID">
   <createdBy>bboy</createdBy>
   <createdTime>2012-01-29 05:04:38 UTC</createdTime>
   <changedBy>bboy</changedBy>
   <changedTime>2012-01-29 05:04:38 UTC</changedTime>
   <ownerDesignName>MedGest</ownerDesignName>
   <containerWithKeyObject>3BEEABDA-141A-E7D2-4EA9-26456EBA0339</containerWithKeyObject>
   <deleteRule>NO ACTION</deleteRule>
   <localFKIndex>5C05A800-5A0C-6F25-7DEF-073A5E884D8D</localFKIndex>
   <keyObject>94C3E0BC-47EE-AA62-A37E-C66589C0A0E2</keyObject>
   <mandatory>false</mandatory>
   <transferable>true</transferable>
</FKIndexAssociation>