<?xml version = '1.0' encoding = 'UTF-8'?>
<FKIndexAssociation class="oracle.dbtools.crest.model.design.relational.FKIndexAssociation" id="1990DD5A-E4CD-8D20-E83E-8596BF597514" directorySegmentName="seg_0" name="FK_CFT_LNK_MED_ID">
   <createdBy>bboy</createdBy>
   <createdTime>2012-01-29 05:04:38 UTC</createdTime>
   <changedBy>bboy</changedBy>
   <changedTime>2012-01-29 05:04:38 UTC</changedTime>
   <ownerDesignName>MedGest</ownerDesignName>
   <containerWithKeyObject>99F6BEDF-C1A0-9789-5718-207397C2038C</containerWithKeyObject>
   <deleteRule>NO ACTION</deleteRule>
   <localFKIndex>B9688031-DCE3-439A-E26A-333477E8FE2C</localFKIndex>
   <keyObject>B5DB2963-A002-DC34-ABD2-4A2D4020164C</keyObject>
   <mandatory>false</mandatory>
   <transferable>true</transferable>
</FKIndexAssociation>