<?xml version = '1.0' encoding = 'UTF-8'?>
<FKIndexAssociation class="oracle.dbtools.crest.model.design.relational.FKIndexAssociation" id="2289C0F5-B997-D0B7-766D-F91739E20579" directorySegmentName="seg_0" name="FK_MED_ESTADO_AIM_ID">
   <createdBy>bboy</createdBy>
   <createdTime>2012-01-29 05:04:38 UTC</createdTime>
   <changedBy>bboy</changedBy>
   <changedTime>2012-01-29 05:04:38 UTC</changedTime>
   <ownerDesignName>MedGest</ownerDesignName>
   <containerWithKeyObject>593D4D2A-3656-EF85-1370-BD4CB89CB5C2</containerWithKeyObject>
   <deleteRule>NO ACTION</deleteRule>
   <localFKIndex>C249A8E7-5848-8306-6DE2-9AE0661AD5BA</localFKIndex>
   <keyObject>F5903161-BA12-1A20-9E1F-716190E0DA84</keyObject>
   <mandatory>false</mandatory>
   <transferable>true</transferable>
</FKIndexAssociation>