<?xml version = '1.0' encoding = 'UTF-8'?>
<FKIndexAssociation class="oracle.dbtools.crest.model.design.relational.FKIndexAssociation" id="24BF30DD-78B4-8235-331B-47E1EB348943" directorySegmentName="seg_0" name="PERSCREVIDA">
   <createdBy>bboy</createdBy>
   <createdTime>2012-01-29 05:04:38 UTC</createdTime>
   <changedBy>bboy</changedBy>
   <changedTime>2012-01-29 05:04:38 UTC</changedTime>
   <ownerDesignName>MedGest</ownerDesignName>
   <containerWithKeyObject>112884D5-4245-3DFD-A12C-DD046A4A47FF</containerWithKeyObject>
   <deleteRule>NO ACTION</deleteRule>
   <localFKIndex>104EC491-17B7-CF62-42B3-7CD9056FA992</localFKIndex>
   <keyObject>21DCFE18-7819-4BC1-3234-766B9B073DE3</keyObject>
   <mandatory>true</mandatory>
   <transferable>true</transferable>
</FKIndexAssociation>