<?xml version = '1.0' encoding = 'UTF-8'?>
<FKIndexAssociation class="oracle.dbtools.crest.model.design.relational.FKIndexAssociation" id="25D6A6C3-B833-4B9E-D8B0-13A3A3113D98" directorySegmentName="seg_0" name="FK_SUBST_LNK_MED_ID">
   <createdBy>bboy</createdBy>
   <createdTime>2012-01-29 05:04:38 UTC</createdTime>
   <changedBy>bboy</changedBy>
   <changedTime>2012-01-29 05:04:38 UTC</changedTime>
   <ownerDesignName>MedGest</ownerDesignName>
   <containerWithKeyObject>3DA4AF74-E27D-166A-B70A-D61C9D42A2F5</containerWithKeyObject>
   <deleteRule>NO ACTION</deleteRule>
   <localFKIndex>54A5EA51-5A87-F2FA-3D1C-034D9CD96D76</localFKIndex>
   <keyObject>B5DB2963-A002-DC34-ABD2-4A2D4020164C</keyObject>
   <mandatory>false</mandatory>
   <transferable>true</transferable>
</FKIndexAssociation>