<?xml version = '1.0' encoding = 'UTF-8'?>
<FKIndexAssociation class="oracle.dbtools.crest.model.design.relational.FKIndexAssociation" id="29B45534-CF53-C78A-D09D-CA1D855A053E" directorySegmentName="seg_0" name="FK_TOP_MED_ID">
   <createdBy>bboy</createdBy>
   <createdTime>2012-01-29 05:04:38 UTC</createdTime>
   <changedBy>bboy</changedBy>
   <changedTime>2012-01-29 05:04:38 UTC</changedTime>
   <ownerDesignName>MedGest</ownerDesignName>
   <containerWithKeyObject>03C4566C-4785-DC07-2356-4F7052A0DB91</containerWithKeyObject>
   <deleteRule>NO ACTION</deleteRule>
   <localFKIndex>23990A71-BA8E-6B28-C467-49475F8ADB11</localFKIndex>
   <keyObject>B5DB2963-A002-DC34-ABD2-4A2D4020164C</keyObject>
   <mandatory>true</mandatory>
   <transferable>true</transferable>
</FKIndexAssociation>