<?xml version = '1.0' encoding = 'UTF-8'?>
<FKIndexAssociation class="oracle.dbtools.crest.model.design.relational.FKIndexAssociation" id="2E97D1B2-51A0-0C99-1D59-D94F1B0C6426" directorySegmentName="seg_0" name="FK_CFT_LNK_ID">
   <createdBy>bboy</createdBy>
   <createdTime>2012-01-29 05:04:38 UTC</createdTime>
   <changedBy>bboy</changedBy>
   <changedTime>2012-01-29 05:04:38 UTC</changedTime>
   <ownerDesignName>MedGest</ownerDesignName>
   <containerWithKeyObject>99F6BEDF-C1A0-9789-5718-207397C2038C</containerWithKeyObject>
   <deleteRule>NO ACTION</deleteRule>
   <localFKIndex>5D1824E3-EA1A-F304-77B1-007A9FE14B4C</localFKIndex>
   <keyObject>1CF74D6D-F8EA-FF4D-18AD-8BFF7C437FBF</keyObject>
   <mandatory>false</mandatory>
   <transferable>true</transferable>
</FKIndexAssociation>