<?xml version = '1.0' encoding = 'UTF-8'?>
<FKIndexAssociation class="oracle.dbtools.crest.model.design.relational.FKIndexAssociation" id="3238693B-920F-2818-DB18-A2F593E7F8C6" directorySegmentName="seg_0" name="FK_ATC_LNK_MED_ID">
   <createdBy>bboy</createdBy>
   <createdTime>2012-01-29 05:04:38 UTC</createdTime>
   <changedBy>bboy</changedBy>
   <changedTime>2012-01-29 05:04:38 UTC</changedTime>
   <ownerDesignName>MedGest</ownerDesignName>
   <containerWithKeyObject>3BEEABDA-141A-E7D2-4EA9-26456EBA0339</containerWithKeyObject>
   <deleteRule>NO ACTION</deleteRule>
   <localFKIndex>4C246613-58A5-C08F-2ADC-EDA9D89A2F8A</localFKIndex>
   <keyObject>B5DB2963-A002-DC34-ABD2-4A2D4020164C</keyObject>
   <mandatory>false</mandatory>
   <transferable>true</transferable>
</FKIndexAssociation>