<?xml version = '1.0' encoding = 'UTF-8'?>
<FKIndexAssociation class="oracle.dbtools.crest.model.design.relational.FKIndexAssociation" id="3D5E0D41-788D-6612-12A1-9CA12A7E1075" directorySegmentName="seg_0" name="FK_FARM_ID">
   <createdBy>bboy</createdBy>
   <createdTime>2012-01-29 05:04:38 UTC</createdTime>
   <changedBy>bboy</changedBy>
   <changedTime>2012-01-29 05:04:38 UTC</changedTime>
   <ownerDesignName>MedGest</ownerDesignName>
   <containerWithKeyObject>4BC16D5D-BB9A-1A30-0A80-5D46EA64D2B3</containerWithKeyObject>
   <deleteRule>NO ACTION</deleteRule>
   <localFKIndex>4AADEB23-1CE6-0774-9493-B3762A47EF77</localFKIndex>
   <keyObject>A7B5D449-D2FA-2B23-BC9F-FEF94BA6696E</keyObject>
   <mandatory>true</mandatory>
   <transferable>true</transferable>
</FKIndexAssociation>