<?xml version = '1.0' encoding = 'UTF-8'?>
<FKIndexAssociation class="oracle.dbtools.crest.model.design.relational.FKIndexAssociation" id="414C85C6-D68B-30F6-7F5D-BFD8BB858BF9" directorySegmentName="seg_0" name="FK_MED_TIPO_PROD_ID">
   <createdBy>bboy</createdBy>
   <createdTime>2012-01-29 05:04:38 UTC</createdTime>
   <changedBy>bboy</changedBy>
   <changedTime>2012-01-29 05:04:38 UTC</changedTime>
   <ownerDesignName>MedGest</ownerDesignName>
   <containerWithKeyObject>593D4D2A-3656-EF85-1370-BD4CB89CB5C2</containerWithKeyObject>
   <deleteRule>NO ACTION</deleteRule>
   <localFKIndex>425D2414-2916-BDB6-7D72-DBB6E97496F0</localFKIndex>
   <keyObject>37E77B90-6E32-2140-7563-5149947DBE6B</keyObject>
   <mandatory>false</mandatory>
   <transferable>true</transferable>
</FKIndexAssociation>