<?xml version = '1.0' encoding = 'UTF-8'?>
<FKIndexAssociation class="oracle.dbtools.crest.model.design.relational.FKIndexAssociation" id="53CA4645-6E41-490A-98E3-861591719C7B" directorySegmentName="seg_0" name="FK_PATOL_DIP_ID">
   <createdBy>bboy</createdBy>
   <createdTime>2012-01-29 05:04:38 UTC</createdTime>
   <changedBy>bboy</changedBy>
   <changedTime>2012-01-29 05:04:38 UTC</changedTime>
   <ownerDesignName>MedGest</ownerDesignName>
   <containerWithKeyObject>77212A46-52F7-9127-E828-35902D41D33D</containerWithKeyObject>
   <deleteRule>NO ACTION</deleteRule>
   <localFKIndex>74258D39-2257-C828-7B8D-823FB2B422E1</localFKIndex>
   <keyObject>DA757097-7ADD-94AE-B197-FA9DD85B7E26</keyObject>
   <mandatory>false</mandatory>
   <transferable>true</transferable>
</FKIndexAssociation>