<?xml version = '1.0' encoding = 'UTF-8'?>
<FKIndexAssociation class="oracle.dbtools.crest.model.design.relational.FKIndexAssociation" id="609CF288-4F8F-8D9E-151F-065FCBAD4B3A" directorySegmentName="seg_0" name="FK_EMB_ID">
   <createdBy>bboy</createdBy>
   <createdTime>2012-01-29 05:04:38 UTC</createdTime>
   <changedBy>bboy</changedBy>
   <changedTime>2012-01-29 05:04:38 UTC</changedTime>
   <ownerDesignName>MedGest</ownerDesignName>
   <containerWithKeyObject>4BC16D5D-BB9A-1A30-0A80-5D46EA64D2B3</containerWithKeyObject>
   <deleteRule>NO ACTION</deleteRule>
   <localFKIndex>70733342-4814-E974-98DD-F1A1AD2B96E1</localFKIndex>
   <keyObject>C632D907-2EBB-503D-1208-DA87A2E8AB78</keyObject>
   <mandatory>true</mandatory>
   <transferable>true</transferable>
</FKIndexAssociation>