<?xml version = '1.0' encoding = 'UTF-8'?>
<FKIndexAssociation class="oracle.dbtools.crest.model.design.relational.FKIndexAssociation" id="6BD5DC4D-F1CD-ACA3-0985-C8BF4EA20542" directorySegmentName="seg_0" name="FK_MED_DCIPT_ID">
   <createdBy>bboy</createdBy>
   <createdTime>2012-01-29 05:04:38 UTC</createdTime>
   <changedBy>bboy</changedBy>
   <changedTime>2012-01-29 05:04:38 UTC</changedTime>
   <ownerDesignName>MedGest</ownerDesignName>
   <containerWithKeyObject>593D4D2A-3656-EF85-1370-BD4CB89CB5C2</containerWithKeyObject>
   <deleteRule>NO ACTION</deleteRule>
   <localFKIndex>1EDE0D41-81F4-81F5-3DCE-2BC7E35BB891</localFKIndex>
   <keyObject>A345AA08-E27D-3F34-4DE9-13D1F21D57D4</keyObject>
   <mandatory>false</mandatory>
   <transferable>true</transferable>
</FKIndexAssociation>