<?xml version = '1.0' encoding = 'UTF-8'?>
<FKIndexAssociation class="oracle.dbtools.crest.model.design.relational.FKIndexAssociation" id="6D930931-FBB6-C45C-8CDD-017F47F66A01" directorySegmentName="seg_0" name="FK_EMB_GRUPO_HOM_ID">
   <createdBy>bboy</createdBy>
   <createdTime>2012-01-29 05:04:38 UTC</createdTime>
   <changedBy>bboy</changedBy>
   <changedTime>2012-01-29 05:04:38 UTC</changedTime>
   <ownerDesignName>MedGest</ownerDesignName>
   <containerWithKeyObject>0AFA001E-2C53-9F97-4A20-B0041BD79B8C</containerWithKeyObject>
   <deleteRule>NO ACTION</deleteRule>
   <localFKIndex>5E38C10D-B1C5-CAE8-26D3-DF9A49BE9652</localFKIndex>
   <keyObject>43255832-56D2-AA53-E49E-F8A2F6129DEE</keyObject>
   <mandatory>false</mandatory>
   <transferable>true</transferable>
</FKIndexAssociation>