<?xml version = '1.0' encoding = 'UTF-8'?>
<FKIndexAssociation class="oracle.dbtools.crest.model.design.relational.FKIndexAssociation" id="702CD6E1-9864-E93B-76D6-685B4BCCED60" directorySegmentName="seg_0" name="FK_DIABETES_MED_ID">
   <createdBy>bboy</createdBy>
   <createdTime>2012-01-29 05:04:38 UTC</createdTime>
   <changedBy>bboy</changedBy>
   <changedTime>2012-01-29 05:04:38 UTC</changedTime>
   <ownerDesignName>MedGest</ownerDesignName>
   <containerWithKeyObject>8C6044C3-ADA6-C46E-D8B7-C1936B2503A6</containerWithKeyObject>
   <deleteRule>NO ACTION</deleteRule>
   <localFKIndex>073D2634-88A6-71E5-66C1-B64E3F3F4872</localFKIndex>
   <keyObject>B5DB2963-A002-DC34-ABD2-4A2D4020164C</keyObject>
   <mandatory>false</mandatory>
   <transferable>true</transferable>
</FKIndexAssociation>