<?xml version = '1.0' encoding = 'UTF-8'?>
<FKIndexAssociation class="oracle.dbtools.crest.model.design.relational.FKIndexAssociation" id="73F4307D-9169-F595-AE7D-0DFE902DC934" directorySegmentName="seg_0" name="ESPECIA">
   <createdBy>bboy</createdBy>
   <createdTime>2012-01-29 05:04:38 UTC</createdTime>
   <changedBy>bboy</changedBy>
   <changedTime>2012-01-29 05:04:38 UTC</changedTime>
   <ownerDesignName>MedGest</ownerDesignName>
   <containerWithKeyObject>CC5DC695-59D2-9B91-B2E7-E3D057275130</containerWithKeyObject>
   <deleteRule>NO ACTION</deleteRule>
   <localFKIndex>3ED258FC-E869-F8A9-FED0-AC3237DD8FCD</localFKIndex>
   <keyObject>9BC547EB-0959-33B1-92BD-942CC57738A1</keyObject>
   <mandatory>true</mandatory>
   <transferable>true</transferable>
</FKIndexAssociation>