<?xml version = '1.0' encoding = 'UTF-8'?>
<FKIndexAssociation class="oracle.dbtools.crest.model.design.relational.FKIndexAssociation" id="9123BB96-1B8C-488E-11C0-1E8090F76261" directorySegmentName="seg_0" name="FK_EMB_TRATAMENTO_ID">
   <createdBy>bboy</createdBy>
   <createdTime>2012-01-29 05:04:38 UTC</createdTime>
   <changedBy>bboy</changedBy>
   <changedTime>2012-01-29 05:04:38 UTC</changedTime>
   <ownerDesignName>MedGest</ownerDesignName>
   <containerWithKeyObject>0AFA001E-2C53-9F97-4A20-B0041BD79B8C</containerWithKeyObject>
   <deleteRule>NO ACTION</deleteRule>
   <localFKIndex>C32914B5-08EB-2456-C5B8-F35A07B0F740</localFKIndex>
   <keyObject>3D0120A9-9B8E-F1AF-17F4-655099F1E51E</keyObject>
   <mandatory>false</mandatory>
   <transferable>true</transferable>
</FKIndexAssociation>