<?xml version = '1.0' encoding = 'UTF-8'?>
<FKIndexAssociation class="oracle.dbtools.crest.model.design.relational.FKIndexAssociation" id="9212E55E-52C9-0E3B-874D-99C30CEFC745" directorySegmentName="seg_0" name="FK_EMB_TIPO_EMB_ID">
   <createdBy>bboy</createdBy>
   <createdTime>2012-01-29 05:04:38 UTC</createdTime>
   <changedBy>bboy</changedBy>
   <changedTime>2012-01-29 05:04:38 UTC</changedTime>
   <ownerDesignName>MedGest</ownerDesignName>
   <containerWithKeyObject>0AFA001E-2C53-9F97-4A20-B0041BD79B8C</containerWithKeyObject>
   <deleteRule>NO ACTION</deleteRule>
   <localFKIndex>2D0B5CEB-6520-DB67-5818-4F2C187C60D2</localFKIndex>
   <keyObject>A8C629B8-3E54-A75B-38CF-B792ACD3BD25</keyObject>
   <mandatory>false</mandatory>
   <transferable>true</transferable>
</FKIndexAssociation>