<?xml version = '1.0' encoding = 'UTF-8'?>
<FKIndexAssociation class="oracle.dbtools.crest.model.design.relational.FKIndexAssociation" id="9614440D-01F3-0895-38B9-74CF4B62B822" directorySegmentName="seg_0" name="FK2_LOCAL_ID">
   <createdBy>bboy</createdBy>
   <createdTime>2012-01-29 05:04:38 UTC</createdTime>
   <changedBy>bboy</changedBy>
   <changedTime>2012-01-29 05:04:38 UTC</changedTime>
   <ownerDesignName>MedGest</ownerDesignName>
   <containerWithKeyObject>112884D5-4245-3DFD-A12C-DD046A4A47FF</containerWithKeyObject>
   <deleteRule>NO ACTION</deleteRule>
   <localFKIndex>010D386C-FE28-9EC5-8656-4049BCA69307</localFKIndex>
   <keyObject>A7B5D449-D2FA-2B23-BC9F-FEF94BA6696E</keyObject>
   <mandatory>true</mandatory>
   <transferable>true</transferable>
</FKIndexAssociation>