<?xml version = '1.0' encoding = 'UTF-8'?>
<FKIndexAssociation class="oracle.dbtools.crest.model.design.relational.FKIndexAssociation" id="97D403F4-5325-399E-AA10-AB52D032DADE" directorySegmentName="seg_0" name="FK_PRECO_TIPO_ID">
   <createdBy>bboy</createdBy>
   <createdTime>2012-01-29 05:04:38 UTC</createdTime>
   <changedBy>bboy</changedBy>
   <changedTime>2012-01-29 05:04:38 UTC</changedTime>
   <ownerDesignName>MedGest</ownerDesignName>
   <containerWithKeyObject>6955F87F-D786-D47C-551A-C4377A9537AE</containerWithKeyObject>
   <deleteRule>NO ACTION</deleteRule>
   <localFKIndex>79DD6D5F-12FA-EEF7-BCA3-C387D114473D</localFKIndex>
   <keyObject>04ADDE0B-DC3C-BDD2-C8E3-67362925E7E5</keyObject>
   <mandatory>false</mandatory>
   <transferable>true</transferable>
</FKIndexAssociation>