<?xml version = '1.0' encoding = 'UTF-8'?>
<FKIndexAssociation class="oracle.dbtools.crest.model.design.relational.FKIndexAssociation" id="99A5C9BD-D4FF-BA47-78BC-A9AF5624696F" directorySegmentName="seg_0" name="FK_MED_FORM_FARM_ID">
   <createdBy>bboy</createdBy>
   <createdTime>2012-01-29 05:04:38 UTC</createdTime>
   <changedBy>bboy</changedBy>
   <changedTime>2012-01-29 05:04:38 UTC</changedTime>
   <ownerDesignName>MedGest</ownerDesignName>
   <containerWithKeyObject>593D4D2A-3656-EF85-1370-BD4CB89CB5C2</containerWithKeyObject>
   <deleteRule>NO ACTION</deleteRule>
   <localFKIndex>D158AF31-ABB6-4426-F583-E9C9A6DCB1D0</localFKIndex>
   <keyObject>AA247ECA-2447-F857-4CE1-302B51C91A1B</keyObject>
   <mandatory>false</mandatory>
   <transferable>true</transferable>
</FKIndexAssociation>