<?xml version = '1.0' encoding = 'UTF-8'?>
<FKIndexAssociation class="oracle.dbtools.crest.model.design.relational.FKIndexAssociation" id="9A70EA6A-9B2F-5F55-D302-C5950AD649F1" directorySegmentName="seg_0" name="FK_PATOL_ESP_EMB_ID">
   <createdBy>bboy</createdBy>
   <createdTime>2012-01-29 05:04:38 UTC</createdTime>
   <changedBy>bboy</changedBy>
   <changedTime>2012-01-29 05:04:38 UTC</changedTime>
   <ownerDesignName>MedGest</ownerDesignName>
   <containerWithKeyObject>9C0A984B-B7F1-F7BA-4180-9244791731CA</containerWithKeyObject>
   <deleteRule>NO ACTION</deleteRule>
   <localFKIndex>62717799-0AD1-CDAA-A1D9-D4C3D500E009</localFKIndex>
   <keyObject>C632D907-2EBB-503D-1208-DA87A2E8AB78</keyObject>
   <mandatory>false</mandatory>
   <transferable>true</transferable>
</FKIndexAssociation>