<?xml version = '1.0' encoding = 'UTF-8'?>
<FKIndexAssociation class="oracle.dbtools.crest.model.design.relational.FKIndexAssociation" id="9AB0C6BC-B8E6-3763-E79D-312D6EC2D544" directorySegmentName="seg_0" name="MED_PERSCRITOR">
   <createdBy>bboy</createdBy>
   <createdTime>2012-01-29 05:04:38 UTC</createdTime>
   <changedBy>bboy</changedBy>
   <changedTime>2012-01-29 05:04:38 UTC</changedTime>
   <ownerDesignName>MedGest</ownerDesignName>
   <containerWithKeyObject>112884D5-4245-3DFD-A12C-DD046A4A47FF</containerWithKeyObject>
   <deleteRule>NO ACTION</deleteRule>
   <localFKIndex>EB12DDB7-7CAC-B962-87B1-8A4C317D98B0</localFKIndex>
   <keyObject>26EF690D-C984-A9EA-DED1-84B2B1A634BE</keyObject>
   <mandatory>true</mandatory>
   <transferable>true</transferable>
</FKIndexAssociation>