<?xml version = '1.0' encoding = 'UTF-8'?>
<FKIndexAssociation class="oracle.dbtools.crest.model.design.relational.FKIndexAssociation" id="A3CD8C8C-EA8D-BA51-D345-59CE72C465AF" directorySegmentName="seg_0" name="FK_AUTH_ID">
   <createdBy>bboy</createdBy>
   <createdTime>2012-01-29 05:04:38 UTC</createdTime>
   <changedBy>bboy</changedBy>
   <changedTime>2012-01-29 05:04:38 UTC</changedTime>
   <ownerDesignName>MedGest</ownerDesignName>
   <containerWithKeyObject>E24BC89F-F8DD-A0C4-A395-4182E84B0585</containerWithKeyObject>
   <deleteRule>NO ACTION</deleteRule>
   <localFKIndex>D1B93DA4-9FF2-0F02-0BD1-2F6C3145339C</localFKIndex>
   <keyObject>F68732A8-9007-7D75-98EF-78D45D6BB9C5</keyObject>
   <mandatory>true</mandatory>
   <transferable>true</transferable>
</FKIndexAssociation>