<?xml version = '1.0' encoding = 'UTF-8'?>
<FKIndexAssociation class="oracle.dbtools.crest.model.design.relational.FKIndexAssociation" id="AAF0A11D-50A1-D4CD-CD3A-CC70AD410BFC" directorySegmentName="seg_0" name="FK_MED_CLASS_DISP_ID">
   <createdBy>bboy</createdBy>
   <createdTime>2012-01-29 05:04:38 UTC</createdTime>
   <changedBy>bboy</changedBy>
   <changedTime>2012-01-29 05:04:38 UTC</changedTime>
   <ownerDesignName>MedGest</ownerDesignName>
   <containerWithKeyObject>593D4D2A-3656-EF85-1370-BD4CB89CB5C2</containerWithKeyObject>
   <deleteRule>NO ACTION</deleteRule>
   <localFKIndex>3746C285-AD81-B6E5-A100-0393B2BAFD46</localFKIndex>
   <keyObject>B1F17D04-6895-E0ED-7E6D-9C3C0F587B7D</keyObject>
   <mandatory>false</mandatory>
   <transferable>true</transferable>
</FKIndexAssociation>