<?xml version = '1.0' encoding = 'UTF-8'?>
<FKIndexAssociation class="oracle.dbtools.crest.model.design.relational.FKIndexAssociation" id="BAF33DFF-6BA0-F1FB-A356-E61E3CE627CB" directorySegmentName="seg_0" name="FK_SUBST_LNK_SUBST_ID">
   <createdBy>bboy</createdBy>
   <createdTime>2012-01-29 05:04:38 UTC</createdTime>
   <changedBy>bboy</changedBy>
   <changedTime>2012-01-29 05:04:38 UTC</changedTime>
   <ownerDesignName>MedGest</ownerDesignName>
   <containerWithKeyObject>3DA4AF74-E27D-166A-B70A-D61C9D42A2F5</containerWithKeyObject>
   <deleteRule>NO ACTION</deleteRule>
   <localFKIndex>1CA80A57-5D39-DF6B-76D9-98B3D1472FF3</localFKIndex>
   <keyObject>B6E905B1-AAE6-F492-4CCE-0D03AF02BDE1</keyObject>
   <mandatory>false</mandatory>
   <transferable>true</transferable>
</FKIndexAssociation>