<?xml version = '1.0' encoding = 'UTF-8'?>
<FKIndexAssociation class="oracle.dbtools.crest.model.design.relational.FKIndexAssociation" id="BD27836D-74CD-901F-2B3A-697EBBF545FD" directorySegmentName="seg_0" name="FK_EMB_UNIT_TOT_ID">
   <createdBy>bboy</createdBy>
   <createdTime>2012-01-29 05:04:38 UTC</createdTime>
   <changedBy>bboy</changedBy>
   <changedTime>2012-01-29 05:04:38 UTC</changedTime>
   <ownerDesignName>MedGest</ownerDesignName>
   <containerWithKeyObject>0AFA001E-2C53-9F97-4A20-B0041BD79B8C</containerWithKeyObject>
   <deleteRule>NO ACTION</deleteRule>
   <localFKIndex>9BB44982-43F2-7BF3-C8C5-A0023D1D26BE</localFKIndex>
   <keyObject>0DB5A73A-9D78-7DBC-46CF-9B9910BEE793</keyObject>
   <mandatory>false</mandatory>
   <transferable>true</transferable>
</FKIndexAssociation>