<?xml version = '1.0' encoding = 'UTF-8'?>
<FKIndexAssociation class="oracle.dbtools.crest.model.design.relational.FKIndexAssociation" id="C162A12B-B6BB-5F52-BF2F-1474DDB6E920" directorySegmentName="seg_0" name="FK_VIAS_ADMIN_LNK_MED_ID">
   <createdBy>bboy</createdBy>
   <createdTime>2012-01-29 05:04:38 UTC</createdTime>
   <changedBy>bboy</changedBy>
   <changedTime>2012-01-29 05:04:38 UTC</changedTime>
   <ownerDesignName>MedGest</ownerDesignName>
   <containerWithKeyObject>85768D95-2D58-87DD-8D86-9E97F34E5388</containerWithKeyObject>
   <deleteRule>NO ACTION</deleteRule>
   <localFKIndex>AC684AFD-640B-981E-62E6-BB2FFAE1534A</localFKIndex>
   <keyObject>B5DB2963-A002-DC34-ABD2-4A2D4020164C</keyObject>
   <mandatory>false</mandatory>
   <transferable>true</transferable>
</FKIndexAssociation>