<?xml version = '1.0' encoding = 'UTF-8'?>
<FKIndexAssociation class="oracle.dbtools.crest.model.design.relational.FKIndexAssociation" id="C276A54F-6C6A-23D6-3DC6-2D85907BFC29" directorySegmentName="seg_0" name="RECEITA_PERSC">
   <createdBy>bboy</createdBy>
   <createdTime>2012-01-29 05:04:38 UTC</createdTime>
   <changedBy>bboy</changedBy>
   <changedTime>2012-01-29 05:04:38 UTC</changedTime>
   <ownerDesignName>MedGest</ownerDesignName>
   <containerWithKeyObject>4A5F1F05-924C-6F8C-8BBA-6A9F6D518FE5</containerWithKeyObject>
   <deleteRule>NO ACTION</deleteRule>
   <localFKIndex>8BFE9EFE-FE8B-593E-D6FA-8DD9FF2F35E3</localFKIndex>
   <keyObject>98A192A5-8118-A856-C869-E035C9EF335E</keyObject>
   <mandatory>true</mandatory>
   <transferable>true</transferable>
</FKIndexAssociation>