<?xml version = '1.0' encoding = 'UTF-8'?>
<FKIndexAssociation class="oracle.dbtools.crest.model.design.relational.FKIndexAssociation" id="C6D915BA-01F5-B456-FFB0-D9EC2F578DD1" directorySegmentName="seg_0" name="EMB_IDFK">
   <createdBy>bboy</createdBy>
   <createdTime>2012-01-29 05:04:38 UTC</createdTime>
   <changedBy>bboy</changedBy>
   <changedTime>2012-01-29 05:04:38 UTC</changedTime>
   <ownerDesignName>MedGest</ownerDesignName>
   <containerWithKeyObject>4A5F1F05-924C-6F8C-8BBA-6A9F6D518FE5</containerWithKeyObject>
   <deleteRule>NO ACTION</deleteRule>
   <localFKIndex>46770471-C229-E2C8-AE43-7B2BF95B29E0</localFKIndex>
   <keyObject>C632D907-2EBB-503D-1208-DA87A2E8AB78</keyObject>
   <mandatory>true</mandatory>
   <transferable>true</transferable>
</FKIndexAssociation>