<?xml version = '1.0' encoding = 'UTF-8'?>
<FKIndexAssociation class="oracle.dbtools.crest.model.design.relational.FKIndexAssociation" id="C71997C7-808B-EC13-EFBA-C8063111E174" directorySegmentName="seg_0" name="FK2_PATOL_DIP_ID">
   <createdBy>bboy</createdBy>
   <createdTime>2012-01-29 05:04:38 UTC</createdTime>
   <changedBy>bboy</changedBy>
   <changedTime>2012-01-29 05:04:38 UTC</changedTime>
   <ownerDesignName>MedGest</ownerDesignName>
   <containerWithKeyObject>77212A46-52F7-9127-E828-35902D41D33D</containerWithKeyObject>
   <deleteRule>NO ACTION</deleteRule>
   <localFKIndex>C79F8DE7-6017-619F-BE96-02FAC79AB438</localFKIndex>
   <keyObject>638634B5-9C5F-C1F2-707A-B978A9A96D96</keyObject>
   <mandatory>false</mandatory>
   <transferable>true</transferable>
</FKIndexAssociation>