<?xml version = '1.0' encoding = 'UTF-8'?>
<FKIndexAssociation class="oracle.dbtools.crest.model.design.relational.FKIndexAssociation" id="CEAFCDB0-0DE2-8385-6188-1FF553763E49" directorySegmentName="seg_0" name="FK_ALTER_EMB">
   <createdBy>bboy</createdBy>
   <createdTime>2012-01-29 05:04:38 UTC</createdTime>
   <changedBy>bboy</changedBy>
   <changedTime>2012-01-29 05:04:38 UTC</changedTime>
   <ownerDesignName>MedGest</ownerDesignName>
   <containerWithKeyObject>4A5F1F05-924C-6F8C-8BBA-6A9F6D518FE5</containerWithKeyObject>
   <deleteRule>NO ACTION</deleteRule>
   <localFKIndex>0B7FAD86-CEC4-3B6F-FC73-D7B06431CA62</localFKIndex>
   <keyObject>C632D907-2EBB-503D-1208-DA87A2E8AB78</keyObject>
   <mandatory>false</mandatory>
   <transferable>true</transferable>
</FKIndexAssociation>