<?xml version = '1.0' encoding = 'UTF-8'?>
<FKIndexAssociation class="oracle.dbtools.crest.model.design.relational.FKIndexAssociation" id="D4FA8307-16FF-DB1A-164C-85F2FF195F89" directorySegmentName="seg_0" name="FK_EMB_UNIDADE_ID">
   <createdBy>bboy</createdBy>
   <createdTime>2012-01-29 05:04:38 UTC</createdTime>
   <changedBy>bboy</changedBy>
   <changedTime>2012-01-29 05:04:38 UTC</changedTime>
   <ownerDesignName>MedGest</ownerDesignName>
   <containerWithKeyObject>0AFA001E-2C53-9F97-4A20-B0041BD79B8C</containerWithKeyObject>
   <deleteRule>NO ACTION</deleteRule>
   <localFKIndex>D9EDDB55-FEA8-20B3-AE72-7FB2B049E24C</localFKIndex>
   <keyObject>E58529A0-55EF-AD6A-1F0A-7BDAA210F6AD</keyObject>
   <mandatory>false</mandatory>
   <transferable>true</transferable>
</FKIndexAssociation>