<?xml version = '1.0' encoding = 'UTF-8'?>
<FKIndexAssociation class="oracle.dbtools.crest.model.design.relational.FKIndexAssociation" id="DB255F1A-83FE-3C22-D5F0-BDFB8D82500A" directorySegmentName="seg_0" name="PASS_ID">
   <createdBy>bboy</createdBy>
   <createdTime>2012-01-29 05:04:38 UTC</createdTime>
   <changedBy>bboy</changedBy>
   <changedTime>2012-01-29 05:04:38 UTC</changedTime>
   <ownerDesignName>MedGest</ownerDesignName>
   <containerWithKeyObject>E24BC89F-F8DD-A0C4-A395-4182E84B0585</containerWithKeyObject>
   <deleteRule>NO ACTION</deleteRule>
   <localFKIndex>84D431A5-3724-7BCA-D1ED-8297EF8F1F3E</localFKIndex>
   <keyObject>26EF690D-C984-A9EA-DED1-84B2B1A634BE</keyObject>
   <mandatory>true</mandatory>
   <transferable>true</transferable>
</FKIndexAssociation>