<?xml version = '1.0' encoding = 'UTF-8'?>
<FKIndexAssociation class="oracle.dbtools.crest.model.design.relational.FKIndexAssociation" id="EF842FDB-A685-018D-C0C0-E4DB26E57A76" directorySegmentName="seg_0" name="FK_PRECO_EMB_ID">
   <createdBy>bboy</createdBy>
   <createdTime>2012-01-29 05:04:38 UTC</createdTime>
   <changedBy>bboy</changedBy>
   <changedTime>2012-01-29 05:04:38 UTC</changedTime>
   <ownerDesignName>MedGest</ownerDesignName>
   <containerWithKeyObject>6955F87F-D786-D47C-551A-C4377A9537AE</containerWithKeyObject>
   <deleteRule>NO ACTION</deleteRule>
   <localFKIndex>F2068411-78B9-4E44-FE89-7ED84099A274</localFKIndex>
   <keyObject>C632D907-2EBB-503D-1208-DA87A2E8AB78</keyObject>
   <mandatory>false</mandatory>
   <transferable>true</transferable>
</FKIndexAssociation>