<?xml version = '1.0' encoding = 'UTF-8'?>
<FKIndexAssociation class="oracle.dbtools.crest.model.design.relational.FKIndexAssociation" id="F15BA34A-1F14-9029-E16E-24DE48C14CE7" directorySegmentName="seg_0" name="FK_LOCAL">
   <createdBy>bboy</createdBy>
   <createdTime>2012-01-29 05:04:38 UTC</createdTime>
   <changedBy>bboy</changedBy>
   <changedTime>2012-01-29 05:04:38 UTC</changedTime>
   <ownerDesignName>MedGest</ownerDesignName>
   <containerWithKeyObject>CC5DC695-59D2-9B91-B2E7-E3D057275130</containerWithKeyObject>
   <deleteRule>NO ACTION</deleteRule>
   <localFKIndex>868EE707-41BA-69D5-AC2E-D3685920CAF0</localFKIndex>
   <keyObject>A7B5D449-D2FA-2B23-BC9F-FEF94BA6696E</keyObject>
   <mandatory>false</mandatory>
   <transferable>true</transferable>
</FKIndexAssociation>