<?xml version = '1.0' encoding = 'UTF-8'?>
<relationalModel class="oracle.dbtools.crest.model.design.relational.RelationalDesign" name="Relational_1" id="F542C5B0-6AE2-AFB9-09D7-9537FC987C8F" mainViewID="EDE85716-F515-4E09-4652-55A72460D2F4">
   <createdBy>bboy</createdBy>
   <createdTime>2012-01-29 05:02:35 UTC</createdTime>
   <changedBy>bboy</changedBy>
   <changedTime>2012-01-29 05:02:35 UTC</changedTime>
   <ownerDesignName>MedGest</ownerDesignName>
   <shouldBeOpen>false</shouldBeOpen>
   <selectedRDBMSSite>32076570-2523-435C-2E92-BF29817DFF70</selectedRDBMSSite>
</relationalModel>