<?xml version = '1.0' encoding = 'UTF-8'?>
<TriggerOraclev10g class="oracle.dbtools.crest.model.design.storage.oracle.v10g.TriggerOraclev10g" name="DEBITA_STOCK" id="13BA57B3-D190-BC86-95B4-50F447454703" directorySegmentName="seg_0">
   <createdBy>bboy</createdBy>
   <createdTime>2012-01-29 05:04:37 UTC</createdTime>
   <changedBy>bboy</changedBy>
   <changedTime>2012-01-29 05:04:37 UTC</changedTime>
   <ownerDesignName>MedGest</ownerDesignName>
   <actions>UPDATE</actions>
   <body>begin&amp;lt;br/&amp;gt;IF(:NEW.EMB_ALTER_ID IS NULL) &amp;lt;br/&amp;gt;  THEN UPDATE STOCK s SET s.N_EMB = s.N_EMB - :NEW.N_EMB_DISP WHERE s.EMB_ID = :NEW.EMB_ID;&amp;lt;br/&amp;gt;  ELSE UPDATE STOCK s SET s.N_EMB = s.N_EMB - :NEW.N_EMB_DISP WHERE s.EMB_ID = :NEW.EMB_ALTER_ID;&amp;lt;br/&amp;gt;  END IF;&amp;lt;br/&amp;gt;END DEBITA_STOCK;</body>
   <triggerTime>BEFORE</triggerTime>
   <owner>55968996-D3FE-3F72-54D4-1E1E27DDFA2A</owner>
   <table>4A5F1F05-924C-6F8C-8BBA-6A9F6D518FE5</table>
</TriggerOraclev10g>