<?xml version = '1.0' encoding = 'UTF-8'?>
<TriggerOraclev10g class="oracle.dbtools.crest.model.design.storage.oracle.v10g.TriggerOraclev10g" name="AUMENTA_PRESCRITO" id="4CBF9481-0973-458C-66DA-A6BF77B9E287" directorySegmentName="seg_0">
   <createdBy>bboy</createdBy>
   <createdTime>2012-01-29 05:04:37 UTC</createdTime>
   <changedBy>bboy</changedBy>
   <changedTime>2012-01-29 05:04:37 UTC</changedTime>
   <ownerDesignName>MedGest</ownerDesignName>
   <actions>INSERT</actions>
   <body>declare &amp;lt;br/&amp;gt;N number;&amp;lt;br/&amp;gt;medid number;&amp;lt;br/&amp;gt;begin&amp;lt;br/&amp;gt;SELECT UNIQUE e.MED_ID INTO medid FROM EMB e WHERE e.EMB_ID = :NEW.EMB_ID;&amp;lt;br/&amp;gt;SELECT COUNT(*) INTO N FROM TOP WHERE MED_ID = medid;&amp;lt;br/&amp;gt;IF (N = 0)&amp;lt;br/&amp;gt;  THEN INSERT INTO TOP (MED_ID, N_EMB) VALUES (medid, :NEW.N_EMB);&amp;lt;br/&amp;gt;  ELSE UPDATE TOP SET N_EMB = N_EMB + :NEW.N_EMB WHERE MED_ID = medid;&amp;lt;br/&amp;gt;  END IF;&amp;lt;br/&amp;gt;END AUMENTA_PRESCRITO;</body>
   <triggerTime>AFTER</triggerTime>
   <owner>55968996-D3FE-3F72-54D4-1E1E27DDFA2A</owner>
   <table>4A5F1F05-924C-6F8C-8BBA-6A9F6D518FE5</table>
</TriggerOraclev10g>