<?xml version = '1.0' encoding = 'UTF-8'?>
<LogicalDesign class="oracle.dbtools.crest.model.design.logical.LogicalDesign" name="Logical" id="79FA4D7A-0DCE-A9A4-8089-AC763AC3172E" mainViewID="B15CA39F-C233-131D-4514-D1FEC35BB18A">
   <createdBy>bboy</createdBy>
   <createdTime>2012-01-29 05:02:35 UTC</createdTime>
   <changedBy>bboy</changedBy>
   <changedTime>2012-01-29 05:02:35 UTC</changedTime>
   <ownerDesignName>MedGest</ownerDesignName>
   <shouldBeOpen>false</shouldBeOpen>
</LogicalDesign>