<?xml version = '1.0' encoding = 'UTF-8'?>
<TableSpaceOraclev10g class="oracle.dbtools.crest.model.design.storage.oracle.v10g.TableSpaceOraclev10g" name="LEI2011" id="0D18A947-3BC1-7C03-86C1-EAF4710DFA01" directorySegmentName="seg_0">
   <createdBy>bboy</createdBy>
   <createdTime>2012-01-29 05:04:27 UTC</createdTime>
   <changedBy>bboy</changedBy>
   <changedTime>2012-01-29 05:04:27 UTC</changedTime>
   <ownerDesignName>MedGest</ownerDesignName>
   <emUniformSize>0</emUniformSize>
   <extentManagement>LOCAL</extentManagement>
</TableSpaceOraclev10g>