<?xml version = '1.0' encoding = 'UTF-8'?>
<StructuredTypeProxyOraclev10g class="oracle.dbtools.crest.model.design.storage.oracle.v10g.StructuredTypeProxyOraclev10g" name="SDO_GEOMETRY" id="47E390DE-0671-C4B1-8428-0F45CBEE18F8" directorySegmentName="seg_0">
   <createdBy>bboy</createdBy>
   <createdTime>2012-01-29 05:03:07 UTC</createdTime>
   <changedBy>bboy</changedBy>
   <changedTime>2012-01-29 05:03:07 UTC</changedTime>
   <ownerDesignName>MedGest</ownerDesignName>
   <owner>MDSYS</owner>
</StructuredTypeProxyOraclev10g>