<?xml version = '1.0' encoding = 'UTF-8'?>
<Diagram class="oracle.dbtools.crest.swingui.relational.DPVRelational" name="Relational_1" id="EDE85716-F515-4E09-4652-55A72460D2F4">
   <createdBy>bboy</createdBy>
   <createdTime>2012-01-29 05:04:42 UTC</createdTime>
   <changedBy>bboy</changedBy>
   <changedTime>2012-01-29 05:34:44 UTC</changedTime>
   <autoRoute>false</autoRoute>
   <boxInbox>true</boxInbox>
   <showLegend>false</showLegend>
   <showLabels>false</showLabels>
   <showGrid>false</showGrid>
   <diagramColor>-1</diagramColor>
   <display>false</display>
   <notation>1</notation>
   <objectViews>
      <OView class="oracle.dbtools.crest.swingui.relational.TVTable" oid="03148D75-10BA-3DCC-7374-D81825EBF4C1" otype="Table" vid="4BCC34C4-3C3C-7AD8-361B-65E5B630DE42">
         <bounds x="645" y="2049" width="201" height="88"/>
      </OView>
      <OView class="oracle.dbtools.crest.swingui.relational.TVTable" oid="03C4566C-4785-DC07-2356-4F7052A0DB91" otype="Table" vid="6B91728C-674B-F9EF-118F-9D07A6D4F621">
         <bounds x="1125" y="1188" width="138" height="77"/>
      </OView>
      <OView class="oracle.dbtools.crest.swingui.relational.TVTable" oid="0AFA001E-2C53-9F97-4A20-B0041BD79B8C" otype="Table" vid="472BECB2-488B-4335-7AF4-C5C4F21A4023">
         <bounds x="732" y="654" width="264" height="376"/>
      </OView>
      <OView class="oracle.dbtools.crest.swingui.relational.TVTable" oid="112884D5-4245-3DFD-A12C-DD046A4A47FF" otype="Table" vid="C1080501-66ED-FF16-B274-9294CEE9AAE1">
         <bounds x="587" y="282" width="188" height="138"/>
      </OView>
      <OView class="oracle.dbtools.crest.swingui.relational.TVTable" oid="1EEF96FF-0826-DC27-6722-1FAB014847E9" otype="Table" vid="F455F0FA-08A8-DA2F-BBAD-6A65C6EAF211">
         <bounds x="447" y="765" width="197" height="123"/>
      </OView>
      <OView class="oracle.dbtools.crest.swingui.relational.TVTable" oid="28281FAF-D809-3BBA-2A6A-4C18CFB2EE33" otype="Table" vid="97C59D9C-7FD6-8D80-B4FF-F2D8BD99D17B">
         <bounds x="1127" y="277" width="202" height="78"/>
      </OView>
      <OView class="oracle.dbtools.crest.swingui.relational.TVTable" oid="2DB17DC2-A7BE-D0AC-9015-61EA75C399BA" otype="Table" vid="F4BB3383-333F-3A76-8EBB-48ADF84C5CD8">
         <bounds x="854" y="321" width="240" height="108"/>
      </OView>
      <OView class="oracle.dbtools.crest.swingui.relational.TVTable" oid="2E906492-6B3A-DE75-CA7F-60B34D6BDDDB" otype="Table" vid="9E06B3B8-E63F-66E1-A90C-071483174227">
         <bounds x="1196" y="1890" width="215" height="93"/>
      </OView>
      <OView class="oracle.dbtools.crest.swingui.relational.TVTable" oid="32FDE94D-7AA1-418A-A5C4-B13899A41B89" otype="Table" vid="718363AE-F3DB-5BC4-8445-BF32FE696DA0">
         <bounds x="394" y="1219" width="247" height="78"/>
      </OView>
      <OView class="oracle.dbtools.crest.swingui.relational.TVTable" oid="3554187C-EA5B-0405-3696-764E95B5AC11" otype="Table" vid="97B007AA-C04F-8D75-9764-DDC716D1AB60">
         <bounds x="1100" y="1504" width="241" height="78"/>
      </OView>
      <OView class="oracle.dbtools.crest.swingui.relational.TVTable" oid="3BEEABDA-141A-E7D2-4EA9-26456EBA0339" otype="Table" vid="4DC63B04-366D-A5EB-6517-B05AE8A1A90B">
         <bounds x="969" y="1613" width="221" height="108"/>
      </OView>
      <OView class="oracle.dbtools.crest.swingui.relational.TVTable" oid="3DA4AF74-E27D-166A-B70A-D61C9D42A2F5" otype="Table" vid="25BED18B-CC78-C03C-BB1F-17046C9678FD">
         <bounds x="867" y="1870" width="235" height="124"/>
      </OView>
      <OView class="oracle.dbtools.crest.swingui.relational.TVTable" oid="404EA102-1B94-46C5-E45C-722178B6819C" otype="Table" vid="A887D3B3-4611-987B-F39D-43E6EDD31779">
         <bounds x="1081" y="1390" width="249" height="91"/>
      </OView>
      <OView class="oracle.dbtools.crest.swingui.relational.TVTable" oid="468A6C61-6EC0-077F-F195-881234E080E2" otype="Table" vid="ADCAE69E-206A-C0AC-37AD-65C4A545062F">
         <bounds x="1069" y="485" width="239" height="78"/>
      </OView>
      <OView class="oracle.dbtools.crest.swingui.relational.TVTable" oid="4798C794-BA17-A04C-65F8-438F526446D4" otype="Table" vid="FEB3C4C0-5E3A-9E24-58EA-19AF009115C9">
         <bounds x="1088" y="696" width="227" height="92"/>
      </OView>
      <OView class="oracle.dbtools.crest.swingui.relational.TVTable" oid="4A5F1F05-924C-6F8C-8BBA-6A9F6D518FE5" otype="Table" vid="A6C6AC80-5B85-180B-F71A-6AAC267A84C1">
         <bounds x="556" y="462" width="231" height="136"/>
      </OView>
      <OView class="oracle.dbtools.crest.swingui.relational.TVTable" oid="4BC16D5D-BB9A-1A30-0A80-5D46EA64D2B3" otype="Table" vid="42C8FB07-B945-3463-8B8F-05B08D864613">
         <bounds x="809" y="506" width="212" height="92"/>
      </OView>
      <OView class="oracle.dbtools.crest.swingui.relational.TVTable" oid="593D4D2A-3656-EF85-1370-BD4CB89CB5C2" otype="Table" vid="1FBB4E3F-F73D-6FB5-3554-4AF12A1474E9">
         <bounds x="729" y="1251" width="269" height="271"/>
      </OView>
      <OView class="oracle.dbtools.crest.swingui.relational.TVTable" oid="67F702C6-0CA8-A951-D058-52C4D725FC2C" otype="Table" vid="70E32DBF-019A-329F-F3C8-D798EFB3F258">
         <bounds x="1097" y="795" width="228" height="91"/>
      </OView>
      <OView class="oracle.dbtools.crest.swingui.relational.TVTable" oid="6955F87F-D786-D47C-551A-C4377A9537AE" otype="Table" vid="BADDAF2C-1EC6-8A50-FF8F-D81DF54ACAF8">
         <bounds x="454" y="611" width="188" height="138"/>
      </OView>
      <OView class="oracle.dbtools.crest.swingui.relational.TVTable" oid="7614E8D2-9864-BD12-1B8F-DEEBFE5D8ADE" otype="Table" vid="E9B1BFC0-2D0F-590E-5577-A274E16E9393">
         <bounds x="408" y="1491" width="234" height="93"/>
      </OView>
      <OView class="oracle.dbtools.crest.swingui.relational.TVTable" oid="77212A46-52F7-9127-E828-35902D41D33D" otype="Table" vid="1E58A1B9-58FC-16BC-4B6B-97E3C96B9B82">
         <bounds x="127" y="923" width="234" height="124"/>
      </OView>
      <OView class="oracle.dbtools.crest.swingui.relational.TVTable" oid="8066B1C2-DB84-FD62-177A-9AC029B1B6BC" otype="Table" vid="F3B11203-5AA7-C900-975E-B89E4B64863F">
         <bounds x="307" y="265" width="226" height="123"/>
      </OView>
      <OView class="oracle.dbtools.crest.swingui.relational.TVTable" oid="82704E36-E659-AD6B-7A32-6AEC53D5F9FE" otype="Table" vid="77B7D06E-0398-5563-9D1D-5D2B93395576">
         <bounds x="357" y="1844" width="239" height="94"/>
      </OView>
      <OView class="oracle.dbtools.crest.swingui.relational.TVTable" oid="85768D95-2D58-87DD-8D86-9E97F34E5388" otype="Table" vid="36FF8AB7-4B54-6DF4-9C38-E3E888B9839D">
         <bounds x="530" y="1661" width="241" height="112"/>
      </OView>
      <OView class="oracle.dbtools.crest.swingui.relational.TVTable" oid="862AC845-54EE-D4CA-829E-4BA8AA028838" otype="Table" vid="3E01BF20-2869-6D2C-7453-D3A48529023C">
         <bounds x="341" y="1102" width="229" height="93"/>
      </OView>
      <OView class="oracle.dbtools.crest.swingui.relational.TVTable" oid="89042044-3DEB-4F51-A3A3-8B64BFA0792F" otype="Table" vid="B0EB81F6-2E86-59F1-B60D-4A3D713356FA">
         <bounds x="156" y="776" width="208" height="93"/>
      </OView>
      <OView class="oracle.dbtools.crest.swingui.relational.TVTable" oid="8C6044C3-ADA6-C46E-D8B7-C1936B2503A6" otype="Table" vid="273186EC-C5FE-25B9-05CC-F339F78F72BE">
         <bounds x="907" y="1733" width="228" height="109"/>
      </OView>
      <OView class="oracle.dbtools.crest.swingui.relational.TVTable" oid="9219B338-E51F-9C6D-8243-F021374C50CC" otype="Table" vid="103963F8-DAD5-EE32-2C47-F1617C719FF8">
         <bounds x="1222" y="1758" width="257" height="93"/>
      </OView>
      <OView class="oracle.dbtools.crest.swingui.relational.TVTable" oid="99F6BEDF-C1A0-9789-5718-207397C2038C" otype="Table" vid="636DAED6-A6F1-6180-A533-91EECEF1D7CA">
         <bounds x="631" y="1860" width="220" height="108"/>
      </OView>
      <OView class="oracle.dbtools.crest.swingui.relational.TVTable" oid="9C0A984B-B7F1-F7BA-4180-9244791731CA" otype="Table" vid="73489E2E-D976-3FBB-66BC-7A1B249DC8B7">
         <bounds x="414" y="927" width="238" height="109"/>
      </OView>
      <OView class="oracle.dbtools.crest.swingui.relational.TVTable" oid="B21F1780-C848-6518-4B27-D4FA1E46CC9D" otype="Table" vid="72091E21-05C4-C65C-FE66-C85A7ECFD47A">
         <bounds x="292" y="443" width="241" height="93"/>
      </OView>
      <OView class="oracle.dbtools.crest.swingui.relational.TVTable" oid="B8F38E8E-98C0-ECC6-CFAB-25DD4EE0708E" otype="Table" vid="70FC845E-FE60-B57B-E167-57FC805CA56D">
         <bounds x="75" y="1102" width="242" height="109"/>
      </OView>
      <OView class="oracle.dbtools.crest.swingui.relational.TVTable" oid="C1725CCD-D687-E2E4-DE5C-7A1DB475B00D" otype="Table" vid="D67699FF-8BDF-F76D-D44E-158B102A9FA1">
         <bounds x="1098" y="998" width="249" height="91"/>
      </OView>
      <OView class="oracle.dbtools.crest.swingui.relational.TVTable" oid="CC5DC695-59D2-9B91-B2E7-E3D057275130" otype="Table" vid="647A2F8E-848D-5675-4814-9263BEEF249D">
         <bounds x="731" y="113" width="217" height="123"/>
      </OView>
      <OView class="oracle.dbtools.crest.swingui.relational.TVTable" oid="CCE8D971-4BC7-EB89-C2F9-31233F40323F" otype="Table" vid="12AB3C75-2307-8AB0-BD5A-E00640A15A87">
         <bounds x="1085" y="1280" width="240" height="93"/>
      </OView>
      <OView class="oracle.dbtools.crest.swingui.relational.TVTable" oid="D8F8162A-204C-DAD1-F8B6-73A900150A71" otype="Table" vid="AB11F6C0-E494-2B8F-CFCC-14DD66D50413">
         <bounds x="390" y="1392" width="248" height="94"/>
      </OView>
      <OView class="oracle.dbtools.crest.swingui.relational.TVTable" oid="D9FE7571-D023-BF9E-DC1C-CF8B01D69748" otype="Table" vid="D5535884-59FC-1EDF-917A-B396078A2423">
         <bounds x="1073" y="588" width="243" height="92"/>
      </OView>
      <OView class="oracle.dbtools.crest.swingui.relational.TVTable" oid="DA005ECA-B717-A515-2847-C324ED4873E3" otype="Table" vid="2A078B38-93C3-354F-CC56-9DD21743B261">
         <bounds x="1284" y="1620" width="201" height="92"/>
      </OView>
      <OView class="oracle.dbtools.crest.swingui.relational.TVTable" oid="E24BC89F-F8DD-A0C4-A395-4182E84B0585" otype="Table" vid="1D5F59BD-DA79-B1AA-052E-43107EB2776E">
         <bounds x="1027" y="125" width="210" height="93"/>
      </OView>
      <OView class="oracle.dbtools.crest.swingui.relational.TVTable" oid="F347739F-4406-F943-FF0B-AF233A56B981" otype="Table" vid="1C4B6FFC-233F-3978-39BF-B9D8CA5A5FAB">
         <bounds x="428" y="1306" width="211" height="78"/>
      </OView>
      <OView class="oracle.dbtools.crest.swingui.relational.TVTable" oid="F4BB65B6-45CF-3675-104F-5C91221316FE" otype="Table" vid="6A0786E0-734A-0BDD-0840-DDAF4AF155F5">
         <bounds x="451" y="162" width="211" height="78"/>
      </OView>
      <OView class="oracle.dbtools.crest.swingui.relational.TVTable" oid="F6EE2E3D-2C37-34FB-6B23-117D9E73204B" otype="Table" vid="7B94FB46-8CEF-9D5B-AF82-510F8C1A9BA4">
         <bounds x="1111" y="892" width="221" height="91"/>
      </OView>
   </objectViews>
   <connectors>
      <Connector class="oracle.dbtools.crest.swingui.relational.TVFKRelation" oid="00B304FB-0C6C-2CD3-6A01-AF3C861BDE48" otype="FKIndexAssociation" vid_source="472BECB2-488B-4335-7AF4-C5C4F21A4023" vid_target="F455F0FA-08A8-DA2F-BBAD-6A65C6EAF211">
         <lineWidth>1</lineWidth>
         <points>
            <point x="732" y="826"/>
            <point x="644" y="826"/>
         </points>
      </Connector>
      <Connector class="oracle.dbtools.crest.swingui.relational.TVFKRelation" oid="016C6AF2-CEA6-32E5-82D5-34074F3DFB41" otype="FKIndexAssociation" vid_source="ADCAE69E-206A-C0AC-37AD-65C4A545062F" vid_target="F4BB3383-333F-3A76-8EBB-48ADF84C5CD8">
         <lineWidth>1</lineWidth>
         <points>
            <point x="1081" y="485"/>
            <point x="1081" y="429"/>
         </points>
      </Connector>
      <Connector class="oracle.dbtools.crest.swingui.relational.TVFKRelation" oid="03B32D98-0C2D-96E3-0664-59C2471E68D0" otype="FKIndexAssociation" vid_source="77B7D06E-0398-5563-9D1D-5D2B93395576" vid_target="36FF8AB7-4B54-6DF4-9C38-E3E888B9839D">
         <lineWidth>1</lineWidth>
         <points>
            <point x="563" y="1844"/>
            <point x="563" y="1773"/>
         </points>
      </Connector>
      <Connector class="oracle.dbtools.crest.swingui.relational.TVFKRelation" oid="09028D37-3A7C-EC23-9423-FA0F6ABDA7BF" otype="FKIndexAssociation" vid_source="1E58A1B9-58FC-16BC-4B6B-97E3C96B9B82" vid_target="73489E2E-D976-3FBB-66BC-7A1B249DC8B7">
         <lineWidth>1</lineWidth>
         <points>
            <point x="361" y="981"/>
            <point x="414" y="981"/>
         </points>
      </Connector>
      <Connector class="oracle.dbtools.crest.swingui.relational.TVFKRelation" oid="09681851-7BED-2DE9-FA74-C73807DF20E4" otype="FKIndexAssociation" vid_source="B0EB81F6-2E86-59F1-B60D-4A3D713356FA" vid_target="F455F0FA-08A8-DA2F-BBAD-6A65C6EAF211">
         <lineWidth>1</lineWidth>
         <points>
            <point x="364" y="822"/>
            <point x="447" y="822"/>
         </points>
      </Connector>
      <Connector class="oracle.dbtools.crest.swingui.relational.TVFKRelation" oid="132FF856-8A14-11E4-C1C6-94076762B0EA" otype="FKIndexAssociation" vid_source="103963F8-DAD5-EE32-2C47-F1617C719FF8" vid_target="273186EC-C5FE-25B9-05CC-F339F78F72BE">
         <lineWidth>1</lineWidth>
         <points>
            <point x="1222" y="1800"/>
            <point x="1135" y="1800"/>
         </points>
      </Connector>
      <Connector class="oracle.dbtools.crest.swingui.relational.TVFKRelation" oid="135FA15F-6EF1-79B3-14FD-49913DD78950" otype="FKIndexAssociation" vid_source="2A078B38-93C3-354F-CC56-9DD21743B261" vid_target="4DC63B04-366D-A5EB-6517-B05AE8A1A90B">
         <lineWidth>1</lineWidth>
         <points>
            <point x="1284" y="1666"/>
            <point x="1190" y="1666"/>
         </points>
      </Connector>
      <Connector class="oracle.dbtools.crest.swingui.relational.TVFKRelation" oid="1990DD5A-E4CD-8D20-E83E-8596BF597514" otype="FKIndexAssociation" vid_source="1FBB4E3F-F73D-6FB5-3554-4AF12A1474E9" vid_target="636DAED6-A6F1-6180-A533-91EECEF1D7CA">
         <lineWidth>1</lineWidth>
         <points>
            <point x="790" y="1522"/>
            <point x="790" y="1860"/>
         </points>
      </Connector>
      <Connector class="oracle.dbtools.crest.swingui.relational.TVFKRelation" oid="2289C0F5-B997-D0B7-766D-F91739E20579" otype="FKIndexAssociation" vid_source="AB11F6C0-E494-2B8F-CFCC-14DD66D50413" vid_target="1FBB4E3F-F73D-6FB5-3554-4AF12A1474E9">
         <lineWidth>1</lineWidth>
         <points>
            <point x="638" y="1439"/>
            <point x="729" y="1439"/>
         </points>
      </Connector>
      <Connector class="oracle.dbtools.crest.swingui.relational.TVFKRelation" oid="24BF30DD-78B4-8235-331B-47E1EB348943" otype="FKIndexAssociation" vid_source="F3B11203-5AA7-C900-975E-B89E4B64863F" vid_target="C1080501-66ED-FF16-B274-9294CEE9AAE1">
         <lineWidth>1</lineWidth>
         <points>
            <point x="533" y="335"/>
            <point x="587" y="335"/>
         </points>
      </Connector>
      <Connector class="oracle.dbtools.crest.swingui.relational.TVFKRelation" oid="25D6A6C3-B833-4B9E-D8B0-13A3A3113D98" otype="FKIndexAssociation" vid_source="1FBB4E3F-F73D-6FB5-3554-4AF12A1474E9" vid_target="25BED18B-CC78-C03C-BB1F-17046C9678FD">
         <lineWidth>1</lineWidth>
         <points>
            <point x="890" y="1522"/>
            <point x="890" y="1870"/>
         </points>
      </Connector>
      <Connector class="oracle.dbtools.crest.swingui.relational.TVFKRelation" oid="29B45534-CF53-C78A-D09D-CA1D855A053E" otype="FKIndexAssociation" vid_source="1FBB4E3F-F73D-6FB5-3554-4AF12A1474E9" vid_target="6B91728C-674B-F9EF-118F-9D07A6D4F621">
         <lineWidth>1</lineWidth>
         <points>
            <point x="998" y="1258"/>
            <point x="1125" y="1258"/>
         </points>
      </Connector>
      <Connector class="oracle.dbtools.crest.swingui.relational.TVFKRelation" oid="2E97D1B2-51A0-0C99-1D59-D94F1B0C6426" otype="FKIndexAssociation" vid_source="4BCC34C4-3C3C-7AD8-361B-65E5B630DE42" vid_target="636DAED6-A6F1-6180-A533-91EECEF1D7CA">
         <lineWidth>1</lineWidth>
         <points>
            <point x="745" y="2049"/>
            <point x="745" y="1968"/>
         </points>
      </Connector>
      <Connector class="oracle.dbtools.crest.swingui.relational.TVFKRelation" oid="3238693B-920F-2818-DB18-A2F593E7F8C6" otype="FKIndexAssociation" vid_source="1FBB4E3F-F73D-6FB5-3554-4AF12A1474E9" vid_target="4DC63B04-366D-A5EB-6517-B05AE8A1A90B">
         <lineWidth>1</lineWidth>
         <points>
            <point x="983" y="1522"/>
            <point x="983" y="1613"/>
         </points>
      </Connector>
      <Connector class="oracle.dbtools.crest.swingui.relational.TVFKRelation" oid="3D5E0D41-788D-6612-12A1-9CA12A7E1075" otype="FKIndexAssociation" vid_source="F4BB3383-333F-3A76-8EBB-48ADF84C5CD8" vid_target="42C8FB07-B945-3463-8B8F-05B08D864613">
         <lineWidth>1</lineWidth>
         <points>
            <point x="937" y="429"/>
            <point x="937" y="506"/>
         </points>
      </Connector>
      <Connector class="oracle.dbtools.crest.swingui.relational.TVFKRelation" oid="414C85C6-D68B-30F6-7F5D-BFD8BB858BF9" otype="FKIndexAssociation" vid_source="E9B1BFC0-2D0F-590E-5577-A274E16E9393" vid_target="1FBB4E3F-F73D-6FB5-3554-4AF12A1474E9">
         <lineWidth>1</lineWidth>
         <points>
            <point x="642" y="1506"/>
            <point x="729" y="1506"/>
         </points>
      </Connector>
      <Connector class="oracle.dbtools.crest.swingui.relational.TVFKRelation" oid="53CA4645-6E41-490A-98E3-861591719C7B" otype="FKIndexAssociation" vid_source="70FC845E-FE60-B57B-E167-57FC805CA56D" vid_target="1E58A1B9-58FC-16BC-4B6B-97E3C96B9B82">
         <lineWidth>1</lineWidth>
         <points>
            <point x="222" y="1102"/>
            <point x="222" y="1047"/>
         </points>
      </Connector>
      <Connector class="oracle.dbtools.crest.swingui.relational.TVFKRelation" oid="5E10ADDE-E74F-236B-B3AD-EF851CD106B4" otype="FKIndexAssociation" vid_source="A887D3B3-4611-987B-F39D-43E6EDD31779" vid_target="1FBB4E3F-F73D-6FB5-3554-4AF12A1474E9">
         <lineWidth>1</lineWidth>
         <points>
            <point x="1081" y="1435"/>
            <point x="998" y="1435"/>
         </points>
      </Connector>
      <Connector class="oracle.dbtools.crest.swingui.relational.TVFKRelation" oid="609CF288-4F8F-8D9E-151F-065FCBAD4B3A" otype="FKIndexAssociation" vid_source="472BECB2-488B-4335-7AF4-C5C4F21A4023" vid_target="42C8FB07-B945-3463-8B8F-05B08D864613">
         <lineWidth>1</lineWidth>
         <points>
            <point x="902" y="654"/>
            <point x="902" y="598"/>
         </points>
      </Connector>
      <Connector class="oracle.dbtools.crest.swingui.relational.TVFKRelation" oid="6BD5DC4D-F1CD-ACA3-0985-C8BF4EA20542" otype="FKIndexAssociation" vid_source="1C4B6FFC-233F-3978-39BF-B9D8CA5A5FAB" vid_target="1FBB4E3F-F73D-6FB5-3554-4AF12A1474E9">
         <lineWidth>1</lineWidth>
         <points>
            <point x="639" y="1345"/>
            <point x="729" y="1345"/>
         </points>
      </Connector>
      <Connector class="oracle.dbtools.crest.swingui.relational.TVFKRelation" oid="6D930931-FBB6-C45C-8CDD-017F47F66A01" otype="FKIndexAssociation" vid_source="D67699FF-8BDF-F76D-D44E-158B102A9FA1" vid_target="472BECB2-488B-4335-7AF4-C5C4F21A4023">
         <lineWidth>1</lineWidth>
         <points>
            <point x="1098" y="1014"/>
            <point x="996" y="1014"/>
         </points>
      </Connector>
      <Connector class="oracle.dbtools.crest.swingui.relational.TVFKRelation" oid="702CD6E1-9864-E93B-76D6-685B4BCCED60" otype="FKIndexAssociation" vid_source="1FBB4E3F-F73D-6FB5-3554-4AF12A1474E9" vid_target="273186EC-C5FE-25B9-05CC-F339F78F72BE">
         <lineWidth>1</lineWidth>
         <points>
            <point x="952" y="1522"/>
            <point x="952" y="1733"/>
         </points>
      </Connector>
      <Connector class="oracle.dbtools.crest.swingui.relational.TVFKRelation" oid="73F4307D-9169-F595-AE7D-0DFE902DC934" otype="FKIndexAssociation" vid_source="6A0786E0-734A-0BDD-0840-DDAF4AF155F5" vid_target="647A2F8E-848D-5675-4814-9263BEEF249D">
         <lineWidth>1</lineWidth>
         <points>
            <point x="662" y="199"/>
            <point x="731" y="199"/>
         </points>
      </Connector>
      <Connector class="oracle.dbtools.crest.swingui.relational.TVFKRelation" oid="9123BB96-1B8C-488E-11C0-1E8090F76261" otype="FKIndexAssociation" vid_source="D5535884-59FC-1EDF-917A-B396078A2423" vid_target="472BECB2-488B-4335-7AF4-C5C4F21A4023">
         <lineWidth>1</lineWidth>
         <points>
            <point x="1073" y="667"/>
            <point x="996" y="667"/>
         </points>
      </Connector>
      <Connector class="oracle.dbtools.crest.swingui.relational.TVFKRelation" oid="9212E55E-52C9-0E3B-874D-99C30CEFC745" otype="FKIndexAssociation" vid_source="70E32DBF-019A-329F-F3C8-D798EFB3F258" vid_target="472BECB2-488B-4335-7AF4-C5C4F21A4023">
         <lineWidth>1</lineWidth>
         <points>
            <point x="1097" y="840"/>
            <point x="996" y="840"/>
         </points>
      </Connector>
      <Connector class="oracle.dbtools.crest.swingui.relational.TVFKRelation" oid="9614440D-01F3-0895-38B9-74CF4B62B822" otype="FKIndexAssociation" vid_source="F4BB3383-333F-3A76-8EBB-48ADF84C5CD8" vid_target="C1080501-66ED-FF16-B274-9294CEE9AAE1">
         <lineWidth>1</lineWidth>
         <points>
            <point x="854" y="370"/>
            <point x="775" y="370"/>
         </points>
      </Connector>
      <Connector class="oracle.dbtools.crest.swingui.relational.TVFKRelation" oid="97D403F4-5325-399E-AA10-AB52D032DADE" otype="FKIndexAssociation" vid_source="72091E21-05C4-C65C-FE66-C85A7ECFD47A" vid_target="BADDAF2C-1EC6-8A50-FF8F-D81DF54ACAF8">
         <lineWidth>1</lineWidth>
         <points>
            <point x="493" y="536"/>
            <point x="493" y="611"/>
         </points>
      </Connector>
      <Connector class="oracle.dbtools.crest.swingui.relational.TVFKRelation" oid="99A5C9BD-D4FF-BA47-78BC-A9AF5624696F" otype="FKIndexAssociation" vid_source="97B007AA-C04F-8D75-9764-DDC716D1AB60" vid_target="1FBB4E3F-F73D-6FB5-3554-4AF12A1474E9">
         <lineWidth>1</lineWidth>
         <points>
            <point x="1100" y="1513"/>
            <point x="998" y="1513"/>
         </points>
      </Connector>
      <Connector class="oracle.dbtools.crest.swingui.relational.TVFKRelation" oid="9A70EA6A-9B2F-5F55-D302-C5950AD649F1" otype="FKIndexAssociation" vid_source="472BECB2-488B-4335-7AF4-C5C4F21A4023" vid_target="73489E2E-D976-3FBB-66BC-7A1B249DC8B7">
         <lineWidth>1</lineWidth>
         <points>
            <point x="732" y="978"/>
            <point x="652" y="978"/>
         </points>
      </Connector>
      <Connector class="oracle.dbtools.crest.swingui.relational.TVFKRelation" oid="9AB0C6BC-B8E6-3763-E79D-312D6EC2D544" otype="FKIndexAssociation" vid_source="647A2F8E-848D-5675-4814-9263BEEF249D" vid_target="C1080501-66ED-FF16-B274-9294CEE9AAE1">
         <lineWidth>1</lineWidth>
         <points>
            <point x="753" y="236"/>
            <point x="753" y="282"/>
         </points>
      </Connector>
      <Connector class="oracle.dbtools.crest.swingui.relational.TVFKRelation" oid="A3CD8C8C-EA8D-BA51-D345-59CE72C465AF" otype="FKIndexAssociation" vid_source="97C59D9C-7FD6-8D80-B4FF-F2D8BD99D17B" vid_target="1D5F59BD-DA79-B1AA-052E-43107EB2776E">
         <lineWidth>1</lineWidth>
         <points>
            <point x="1182" y="277"/>
            <point x="1182" y="218"/>
         </points>
      </Connector>
      <Connector class="oracle.dbtools.crest.swingui.relational.TVFKRelation" oid="A56A4A6D-AFCE-8829-EC91-DA5220D2A88E" otype="FKIndexAssociation" vid_source="718363AE-F3DB-5BC4-8445-BF32FE696DA0" vid_target="1FBB4E3F-F73D-6FB5-3554-4AF12A1474E9">
         <lineWidth>1</lineWidth>
         <points>
            <point x="641" y="1274"/>
            <point x="729" y="1274"/>
         </points>
      </Connector>
      <Connector class="oracle.dbtools.crest.swingui.relational.TVFKRelation" oid="AAF0A11D-50A1-D4CD-CD3A-CC70AD410BFC" otype="FKIndexAssociation" vid_source="12AB3C75-2307-8AB0-BD5A-E00640A15A87" vid_target="1FBB4E3F-F73D-6FB5-3554-4AF12A1474E9">
         <lineWidth>1</lineWidth>
         <points>
            <point x="1085" y="1326"/>
            <point x="998" y="1326"/>
         </points>
      </Connector>
      <Connector class="oracle.dbtools.crest.swingui.relational.TVFKRelation" oid="BAF33DFF-6BA0-F1FB-A356-E61E3CE627CB" otype="FKIndexAssociation" vid_source="9E06B3B8-E63F-66E1-A90C-071483174227" vid_target="25BED18B-CC78-C03C-BB1F-17046C9678FD">
         <lineWidth>1</lineWidth>
         <points>
            <point x="1196" y="1936"/>
            <point x="1102" y="1936"/>
         </points>
      </Connector>
      <Connector class="oracle.dbtools.crest.swingui.relational.TVFKRelation" oid="BD27836D-74CD-901F-2B3A-697EBBF545FD" otype="FKIndexAssociation" vid_source="FEB3C4C0-5E3A-9E24-58EA-19AF009115C9" vid_target="472BECB2-488B-4335-7AF4-C5C4F21A4023">
         <lineWidth>1</lineWidth>
         <points>
            <point x="1088" y="742"/>
            <point x="996" y="742"/>
         </points>
      </Connector>
      <Connector class="oracle.dbtools.crest.swingui.relational.TVFKRelation" oid="C162A12B-B6BB-5F52-BF2F-1474DDB6E920" otype="FKIndexAssociation" vid_source="1FBB4E3F-F73D-6FB5-3554-4AF12A1474E9" vid_target="36FF8AB7-4B54-6DF4-9C38-E3E888B9839D">
         <lineWidth>1</lineWidth>
         <points>
            <point x="750" y="1522"/>
            <point x="750" y="1661"/>
         </points>
      </Connector>
      <Connector class="oracle.dbtools.crest.swingui.relational.TVFKRelation" oid="C276A54F-6C6A-23D6-3DC6-2D85907BFC29" otype="FKIndexAssociation" vid_source="C1080501-66ED-FF16-B274-9294CEE9AAE1" vid_target="A6C6AC80-5B85-180B-F71A-6AAC267A84C1">
         <lineWidth>1</lineWidth>
         <points>
            <point x="681" y="420"/>
            <point x="681" y="462"/>
         </points>
      </Connector>
      <Connector class="oracle.dbtools.crest.swingui.relational.TVFKRelation" oid="C317816C-80F6-84E1-EF01-4DEB4D17D198" otype="FKIndexAssociation" vid_source="1FBB4E3F-F73D-6FB5-3554-4AF12A1474E9" vid_target="472BECB2-488B-4335-7AF4-C5C4F21A4023">
         <lineWidth>1</lineWidth>
         <points>
            <point x="864" y="1251"/>
            <point x="864" y="1030"/>
         </points>
      </Connector>
      <Connector class="oracle.dbtools.crest.swingui.relational.TVFKRelation" oid="C6D915BA-01F5-B456-FFB0-D9EC2F578DD1" otype="FKIndexAssociation" vid_source="472BECB2-488B-4335-7AF4-C5C4F21A4023" vid_target="A6C6AC80-5B85-180B-F71A-6AAC267A84C1">
         <lineWidth>1</lineWidth>
         <points>
            <point x="759" y="654"/>
            <point x="759" y="598"/>
         </points>
      </Connector>
      <Connector class="oracle.dbtools.crest.swingui.relational.TVFKRelation" oid="C71997C7-808B-EC13-EFBA-C8063111E174" otype="FKIndexAssociation" vid_source="3E01BF20-2869-6D2C-7453-D3A48529023C" vid_target="1E58A1B9-58FC-16BC-4B6B-97E3C96B9B82">
         <lineWidth>1</lineWidth>
         <points>
            <point x="351" y="1102"/>
            <point x="351" y="1047"/>
         </points>
      </Connector>
      <Connector class="oracle.dbtools.crest.swingui.relational.TVFKRelation" oid="CEAFCDB0-0DE2-8385-6188-1FF553763E49" otype="FKIndexAssociation" vid_source="472BECB2-488B-4335-7AF4-C5C4F21A4023" vid_target="A6C6AC80-5B85-180B-F71A-6AAC267A84C1">
         <lineWidth>1</lineWidth>
         <points>
            <point x="769" y="654"/>
            <point x="769" y="598"/>
         </points>
      </Connector>
      <Connector class="oracle.dbtools.crest.swingui.relational.TVFKRelation" oid="D4FA8307-16FF-DB1A-164C-85F2FF195F89" otype="FKIndexAssociation" vid_source="7B94FB46-8CEF-9D5B-AF82-510F8C1A9BA4" vid_target="472BECB2-488B-4335-7AF4-C5C4F21A4023">
         <lineWidth>1</lineWidth>
         <points>
            <point x="1111" y="937"/>
            <point x="996" y="937"/>
         </points>
      </Connector>
      <Connector class="oracle.dbtools.crest.swingui.relational.TVFKRelation" oid="DB255F1A-83FE-3C22-D5F0-BDFB8D82500A" otype="FKIndexAssociation" vid_source="647A2F8E-848D-5675-4814-9263BEEF249D" vid_target="1D5F59BD-DA79-B1AA-052E-43107EB2776E">
         <lineWidth>1</lineWidth>
         <points>
            <point x="948" y="171"/>
            <point x="1027" y="171"/>
         </points>
      </Connector>
      <Connector class="oracle.dbtools.crest.swingui.relational.TVFKRelation" oid="EF842FDB-A685-018D-C0C0-E4DB26E57A76" otype="FKIndexAssociation" vid_source="472BECB2-488B-4335-7AF4-C5C4F21A4023" vid_target="BADDAF2C-1EC6-8A50-FF8F-D81DF54ACAF8">
         <lineWidth>1</lineWidth>
         <points>
            <point x="732" y="701"/>
            <point x="642" y="701"/>
         </points>
      </Connector>
      <Connector class="oracle.dbtools.crest.swingui.relational.TVFKRelation" oid="F15BA34A-1F14-9029-E16E-24DE48C14CE7" otype="FKIndexAssociation" vid_source="F4BB3383-333F-3A76-8EBB-48ADF84C5CD8" vid_target="647A2F8E-848D-5675-4814-9263BEEF249D">
         <lineWidth>1</lineWidth>
         <points>
            <point x="901" y="321"/>
            <point x="901" y="236"/>
         </points>
      </Connector>
   </connectors>
   <displays>
      <Display class="oracle.dbtools.crest.swingui.relational.DPVRelational" name="Display_1" id="B4652798-3D6C-0B5E-D3C5-91B7B0571399">
         <createdBy>bboy</createdBy>
         <createdTime>2012-01-29 05:11:40 UTC</createdTime>
         <changedBy>bboy</changedBy>
         <changedTime>2012-01-29 05:11:40 UTC</changedTime>
         <autoRoute>false</autoRoute>
         <boxInbox>true</boxInbox>
         <showLegend>false</showLegend>
         <showLabels>false</showLabels>
         <showGrid>false</showGrid>
         <diagramColor>-1</diagramColor>
         <display>true</display>
         <notation>1</notation>
         <objectViews>
            <OView class="oracle.dbtools.crest.swingui.relational.TVTable" oid="03148D75-10BA-3DCC-7374-D81825EBF4C1" otype="Table" vid="529DCEDB-C353-426E-2D97-C1147886695B">
               <bounds x="850" y="1338" width="201" height="90"/>
            </OView>
            <OView class="oracle.dbtools.crest.swingui.relational.TVTable" oid="03C4566C-4785-DC07-2356-4F7052A0DB91" otype="Table" vid="C92F4EC7-F729-AE59-51F5-444CB2159AF0">
               <bounds x="1525" y="650" width="138" height="75"/>
            </OView>
            <OView class="oracle.dbtools.crest.swingui.relational.TVTable" oid="0AFA001E-2C53-9F97-4A20-B0041BD79B8C" otype="Table" vid="B2B8BD9E-056B-FD06-8DB8-A2D9F6838A9C">
               <bounds x="1115" y="195" width="264" height="375"/>
            </OView>
            <OView class="oracle.dbtools.crest.swingui.relational.TVTable" oid="112884D5-4245-3DFD-A12C-DD046A4A47FF" otype="Table" vid="C70F60B3-6864-D2C7-97F9-CFA965D54ECB">
               <bounds x="2977" y="0" width="188" height="136"/>
            </OView>
            <OView class="oracle.dbtools.crest.swingui.relational.TVTable" oid="1EEF96FF-0826-DC27-6722-1FAB014847E9" otype="Table" vid="A699D278-BDD2-36B0-4004-BE6B0E21E975">
               <bounds x="20" y="650" width="197" height="119"/>
            </OView>
            <OView class="oracle.dbtools.crest.swingui.relational.TVTable" oid="28281FAF-D809-3BBA-2A6A-4C18CFB2EE33" otype="Table" vid="517DDC59-4A2E-DF45-A8A1-E31E773827C7">
               <bounds x="3007" y="508" width="202" height="76"/>
            </OView>
            <OView class="oracle.dbtools.crest.swingui.relational.TVTable" oid="2DB17DC2-A7BE-D0AC-9015-61EA75C399BA" otype="Table" vid="6E364471-20FF-AF08-7B91-4E421DF8A20E">
               <bounds x="2741" y="182" width="239" height="106"/>
            </OView>
            <OView class="oracle.dbtools.crest.swingui.relational.TVTable" oid="2E906492-6B3A-DE75-CA7F-60B34D6BDDDB" otype="Table" vid="82EBE001-DBE7-448F-FF25-5DD1A0A3DA49">
               <bounds x="1487" y="1353" width="215" height="90"/>
            </OView>
            <OView class="oracle.dbtools.crest.swingui.relational.TVTable" oid="32FDE94D-7AA1-418A-A5C4-B13899A41B89" otype="Table" vid="0EFFE7FE-9245-7134-6E28-653BB60CA3D5">
               <bounds x="1525" y="745" width="247" height="75"/>
            </OView>
            <OView class="oracle.dbtools.crest.swingui.relational.TVTable" oid="3554187C-EA5B-0405-3696-764E95B5AC11" otype="Table" vid="442AE8AD-F612-52F2-802C-300683CCC812">
               <bounds x="1970" y="871" width="241" height="75"/>
            </OView>
            <OView class="oracle.dbtools.crest.swingui.relational.TVTable" oid="3BEEABDA-141A-E7D2-4EA9-26456EBA0339" otype="Table" vid="9F45A3BE-9687-6F1F-8AED-55C267FBAC3E">
               <bounds x="549" y="1174" width="221" height="105"/>
            </OView>
            <OView class="oracle.dbtools.crest.swingui.relational.TVTable" oid="3DA4AF74-E27D-166A-B70A-D61C9D42A2F5" otype="Table" vid="136497D9-277D-5385-0A9D-0990B71F9AE6">
               <bounds x="1487" y="1174" width="235" height="120"/>
            </OView>
            <OView class="oracle.dbtools.crest.swingui.relational.TVTable" oid="404EA102-1B94-46C5-E45C-722178B6819C" otype="Table" vid="928552DA-EAF8-FE91-2781-42D3C36CA93E">
               <bounds x="2820" y="1064" width="249" height="90"/>
            </OView>
            <OView class="oracle.dbtools.crest.swingui.relational.TVTable" oid="468A6C61-6EC0-077F-F195-881234E080E2" otype="Table" vid="8C18846A-4562-84A3-57E0-61CF14FAEAE6">
               <bounds x="2978" y="343" width="239" height="76"/>
            </OView>
            <OView class="oracle.dbtools.crest.swingui.relational.TVTable" oid="4798C794-BA17-A04C-65F8-438F526446D4" otype="Table" vid="C32F83EF-AC72-10BB-884C-9B05CDEA9595">
               <bounds x="2347" y="613" width="227" height="90"/>
            </OView>
            <OView class="oracle.dbtools.crest.swingui.relational.TVTable" oid="4A5F1F05-924C-6F8C-8BBA-6A9F6D518FE5" otype="Table" vid="1B0ACC4B-7025-4132-6EDF-D3F5AB2755EB">
               <bounds x="1120" y="0" width="231" height="135"/>
            </OView>
            <OView class="oracle.dbtools.crest.swingui.relational.TVTable" oid="4BC16D5D-BB9A-1A30-0A80-5D46EA64D2B3" otype="Table" vid="FA30A73F-97F5-405F-DD04-9E3E3ADB95FD">
               <bounds x="1871" y="243" width="212" height="90"/>
            </OView>
            <OView class="oracle.dbtools.crest.swingui.relational.TVTable" oid="593D4D2A-3656-EF85-1370-BD4CB89CB5C2" otype="Table" vid="A6BE00FA-33FD-23A0-15A1-009664186210">
               <bounds x="1176" y="650" width="269" height="270"/>
            </OView>
            <OView class="oracle.dbtools.crest.swingui.relational.TVTable" oid="67F702C6-0CA8-A951-D058-52C4D725FC2C" otype="Table" vid="F7C6B1A0-B48F-FE18-21F9-EB3E7FCEC053">
               <bounds x="1519" y="433" width="228" height="89"/>
            </OView>
            <OView class="oracle.dbtools.crest.swingui.relational.TVTable" oid="6955F87F-D786-D47C-551A-C4377A9537AE" otype="Table" vid="B3795C76-1C23-6E57-F271-21798FBC590D">
               <bounds x="845" y="500" width="188" height="134"/>
            </OView>
            <OView class="oracle.dbtools.crest.swingui.relational.TVTable" oid="7614E8D2-9864-BD12-1B8F-DEEBFE5D8ADE" otype="Table" vid="94D3185C-EE29-3EC1-8FCB-CC9C23D669E2">
               <bounds x="3149" y="1064" width="234" height="90"/>
            </OView>
            <OView class="oracle.dbtools.crest.swingui.relational.TVTable" oid="77212A46-52F7-9127-E828-35902D41D33D" otype="Table" vid="DC0632DE-656A-31C5-9CFE-713D2F0353FD">
               <bounds x="297" y="814" width="234" height="119"/>
            </OView>
            <OView class="oracle.dbtools.crest.swingui.relational.TVTable" oid="8066B1C2-DB84-FD62-177A-9AC029B1B6BC" otype="Table" vid="E2AEA70F-ACBB-E447-6468-2440F51DFE28">
               <bounds x="3245" y="0" width="226" height="121"/>
            </OView>
            <OView class="oracle.dbtools.crest.swingui.relational.TVTable" oid="82704E36-E659-AD6B-7A32-6AEC53D5F9FE" otype="Table" vid="BCB7399F-51B0-5004-C416-DC5A6D7595EA">
               <bounds x="1851" y="1228" width="239" height="90"/>
            </OView>
            <OView class="oracle.dbtools.crest.swingui.relational.TVTable" oid="85768D95-2D58-87DD-8D86-9E97F34E5388" otype="Table" vid="F0A302AB-B85D-7319-D06E-1EACC85A4AF7">
               <bounds x="1851" y="1064" width="241" height="105"/>
            </OView>
            <OView class="oracle.dbtools.crest.swingui.relational.TVTable" oid="862AC845-54EE-D4CA-829E-4BA8AA028838" otype="Table" vid="13E2F46F-008F-76B6-5F98-92A93F40F25A">
               <bounds x="611" y="814" width="229" height="89"/>
            </OView>
            <OView class="oracle.dbtools.crest.swingui.relational.TVTable" oid="89042044-3DEB-4F51-A3A3-8B64BFA0792F" otype="Table" vid="4C983543-4178-4E0F-71B9-AA681BA47703">
               <bounds x="20" y="829" width="208" height="89"/>
            </OView>
            <OView class="oracle.dbtools.crest.swingui.relational.TVTable" oid="8C6044C3-ADA6-C46E-D8B7-C1936B2503A6" otype="Table" vid="6383392E-400C-8305-B7CD-A988D9DE280E">
               <bounds x="1150" y="1174" width="228" height="105"/>
            </OView>
            <OView class="oracle.dbtools.crest.swingui.relational.TVTable" oid="9219B338-E51F-9C6D-8243-F021374C50CC" otype="Table" vid="F286DC3D-1003-133E-3580-08FDC9C12234">
               <bounds x="1150" y="1338" width="257" height="90"/>
            </OView>
            <OView class="oracle.dbtools.crest.swingui.relational.TVTable" oid="99F6BEDF-C1A0-9789-5718-207397C2038C" otype="Table" vid="7ED92ACE-637F-B404-BFFD-B26996AFACDE">
               <bounds x="850" y="1174" width="220" height="105"/>
            </OView>
            <OView class="oracle.dbtools.crest.swingui.relational.TVTable" oid="9C0A984B-B7F1-F7BA-4180-9244791731CA" otype="Table" vid="9CF744CE-68D2-CC35-7D5E-9C2A125F869C">
               <bounds x="297" y="650" width="238" height="104"/>
            </OView>
            <OView class="oracle.dbtools.crest.swingui.relational.TVTable" oid="B21F1780-C848-6518-4B27-D4FA1E46CC9D" otype="Table" vid="0FF90DB8-46FB-F189-6F77-B11D51B0950D">
               <bounds x="615" y="844" width="241" height="89"/>
            </OView>
            <OView class="oracle.dbtools.crest.swingui.relational.TVTable" oid="B8F38E8E-98C0-ECC6-CFAB-25DD4EE0708E" otype="Table" vid="B54615BD-2BB5-7FB4-8CDF-C1C579E0F818">
               <bounds x="297" y="993" width="242" height="104"/>
            </OView>
            <OView class="oracle.dbtools.crest.swingui.relational.TVTable" oid="C1725CCD-D687-E2E4-DE5C-7A1DB475B00D" otype="Table" vid="82B92040-74BF-7F0E-D2C1-694FEB0DF99E">
               <bounds x="1519" y="324" width="249" height="89"/>
            </OView>
            <OView class="oracle.dbtools.crest.swingui.relational.TVTable" oid="CC5DC695-59D2-9B91-B2E7-E3D057275130" otype="Table" vid="2C5D0AB6-29B4-D35D-85F0-FD3EFA99BFA4">
               <bounds x="3297" y="178" width="217" height="121"/>
            </OView>
            <OView class="oracle.dbtools.crest.swingui.relational.TVTable" oid="CCE8D971-4BC7-EB89-C2F9-31233F40323F" otype="Table" vid="0CEDB435-299F-DB18-32D0-B47FD7A4142C">
               <bounds x="2500" y="1064" width="240" height="90"/>
            </OView>
            <OView class="oracle.dbtools.crest.swingui.relational.TVTable" oid="D8F8162A-204C-DAD1-F8B6-73A900150A71" otype="Table" vid="61E3DA88-CC08-21A7-91EE-1B4AD964FEB9">
               <bounds x="2172" y="1064" width="248" height="90"/>
            </OView>
            <OView class="oracle.dbtools.crest.swingui.relational.TVTable" oid="D9FE7571-D023-BF9E-DC1C-CF8B01D69748" otype="Table" vid="1CC37C19-5B28-6DEF-C4EB-225BD29BC579">
               <bounds x="2654" y="613" width="243" height="90"/>
            </OView>
            <OView class="oracle.dbtools.crest.swingui.relational.TVTable" oid="DA005ECA-B717-A515-2847-C324ED4873E3" otype="Table" vid="8D70E82D-32A8-4D66-31A0-DA86F5EECB28">
               <bounds x="549" y="1338" width="201" height="90"/>
            </OView>
            <OView class="oracle.dbtools.crest.swingui.relational.TVTable" oid="E24BC89F-F8DD-A0C4-A395-4182E84B0585" otype="Table" vid="9FB78FEA-1B03-2AF1-CCFA-93D100FD91D3">
               <bounds x="3007" y="358" width="210" height="91"/>
            </OView>
            <OView class="oracle.dbtools.crest.swingui.relational.TVTable" oid="F347739F-4406-F943-FF0B-AF233A56B981" otype="Table" vid="32B74104-0CA1-1318-A157-0CD07BB5AEA1">
               <bounds x="1525" y="840" width="211" height="75"/>
            </OView>
            <OView class="oracle.dbtools.crest.swingui.relational.TVTable" oid="F4BB65B6-45CF-3675-104F-5C91221316FE" otype="Table" vid="6924A84E-5E7C-1944-55C4-609E4660E059">
               <bounds x="3298" y="358" width="211" height="76"/>
            </OView>
            <OView class="oracle.dbtools.crest.swingui.relational.TVTable" oid="F6EE2E3D-2C37-34FB-6B23-117D9E73204B" otype="Table" vid="D39FD9F4-A182-258D-C5C0-E02956AB8C5C">
               <bounds x="1519" y="165" width="221" height="89"/>
            </OView>
         </objectViews>
         <connectors>
            <Connector class="oracle.dbtools.crest.swingui.relational.TVFKRelation" oid="00B304FB-0C6C-2CD3-6A01-AF3C861BDE48" otype="FKIndexAssociation" vid_source="B2B8BD9E-056B-FD06-8DB8-A2D9F6838A9C" vid_target="A699D278-BDD2-36B0-4004-BE6B0E21E975">
               <lineWidth>1</lineWidth>
               <points>
                  <point x="1115" y="382"/>
                  <point x="678" y="403"/>
                  <point x="678" y="730"/>
                  <point x="217" y="709"/>
               </points>
            </Connector>
            <Connector class="oracle.dbtools.crest.swingui.relational.TVFKRelation" oid="016C6AF2-CEA6-32E5-82D5-34074F3DFB41" otype="FKIndexAssociation" vid_source="8C18846A-4562-84A3-57E0-61CF14FAEAE6" vid_target="6E364471-20FF-AF08-7B91-4E421DF8A20E">
               <lineWidth>1</lineWidth>
               <points>
                  <point x="2979" y="343"/>
                  <point x="3097" y="298"/>
                  <point x="3096" y="298"/>
                  <point x="2979" y="288"/>
               </points>
            </Connector>
            <Connector class="oracle.dbtools.crest.swingui.relational.TVFKRelation" oid="03B32D98-0C2D-96E3-0664-59C2471E68D0" otype="FKIndexAssociation" vid_source="BCB7399F-51B0-5004-C416-DC5A6D7595EA" vid_target="F0A302AB-B85D-7319-D06E-1EACC85A4AF7">
               <lineWidth>1</lineWidth>
               <points>
                  <point x="1970" y="1228"/>
                  <point x="1970" y="1169"/>
               </points>
            </Connector>
            <Connector class="oracle.dbtools.crest.swingui.relational.TVFKRelation" oid="09028D37-3A7C-EC23-9423-FA0F6ABDA7BF" otype="FKIndexAssociation" vid_source="DC0632DE-656A-31C5-9CFE-713D2F0353FD" vid_target="9CF744CE-68D2-CC35-7D5E-9C2A125F869C">
               <lineWidth>1</lineWidth>
               <points>
                  <point x="414" y="814"/>
                  <point x="414" y="754"/>
               </points>
            </Connector>
            <Connector class="oracle.dbtools.crest.swingui.relational.TVFKRelation" oid="09681851-7BED-2DE9-FA74-C73807DF20E4" otype="FKIndexAssociation" vid_source="4C983543-4178-4E0F-71B9-AA681BA47703" vid_target="A699D278-BDD2-36B0-4004-BE6B0E21E975">
               <lineWidth>1</lineWidth>
               <points>
                  <point x="118" y="829"/>
                  <point x="118" y="769"/>
               </points>
            </Connector>
            <Connector class="oracle.dbtools.crest.swingui.relational.TVFKRelation" oid="132FF856-8A14-11E4-C1C6-94076762B0EA" otype="FKIndexAssociation" vid_source="F286DC3D-1003-133E-3580-08FDC9C12234" vid_target="6383392E-400C-8305-B7CD-A988D9DE280E">
               <lineWidth>1</lineWidth>
               <points>
                  <point x="1264" y="1338"/>
                  <point x="1264" y="1279"/>
               </points>
            </Connector>
            <Connector class="oracle.dbtools.crest.swingui.relational.TVFKRelation" oid="135FA15F-6EF1-79B3-14FD-49913DD78950" otype="FKIndexAssociation" vid_source="8D70E82D-32A8-4D66-31A0-DA86F5EECB28" vid_target="9F45A3BE-9687-6F1F-8AED-55C267FBAC3E">
               <lineWidth>1</lineWidth>
               <points>
                  <point x="649" y="1338"/>
                  <point x="649" y="1279"/>
               </points>
            </Connector>
            <Connector class="oracle.dbtools.crest.swingui.relational.TVFKRelation" oid="1990DD5A-E4CD-8D20-E83E-8596BF597514" otype="FKIndexAssociation" vid_source="A6BE00FA-33FD-23A0-15A1-009664186210" vid_target="7ED92ACE-637F-B404-BFFD-B26996AFACDE">
               <lineWidth>1</lineWidth>
               <points>
                  <point x="1310" y="920"/>
                  <point x="960" y="1174"/>
               </points>
            </Connector>
            <Connector class="oracle.dbtools.crest.swingui.relational.TVFKRelation" oid="2289C0F5-B997-D0B7-766D-F91739E20579" otype="FKIndexAssociation" vid_source="61E3DA88-CC08-21A7-91EE-1B4AD964FEB9" vid_target="A6BE00FA-33FD-23A0-15A1-009664186210">
               <lineWidth>1</lineWidth>
               <points>
                  <point x="2172" y="1109"/>
                  <point x="1445" y="785"/>
               </points>
            </Connector>
            <Connector class="oracle.dbtools.crest.swingui.relational.TVFKRelation" oid="24BF30DD-78B4-8235-331B-47E1EB348943" otype="FKIndexAssociation" vid_source="E2AEA70F-ACBB-E447-6468-2440F51DFE28" vid_target="C70F60B3-6864-D2C7-97F9-CFA965D54ECB">
               <lineWidth>1</lineWidth>
               <points>
                  <point x="3358" y="0"/>
                  <point x="3217" y="67"/>
                  <point x="3217" y="75"/>
                  <point x="3071" y="0"/>
               </points>
            </Connector>
            <Connector class="oracle.dbtools.crest.swingui.relational.TVFKRelation" oid="25D6A6C3-B833-4B9E-D8B0-13A3A3113D98" otype="FKIndexAssociation" vid_source="A6BE00FA-33FD-23A0-15A1-009664186210" vid_target="136497D9-277D-5385-0A9D-0990B71F9AE6">
               <lineWidth>1</lineWidth>
               <points>
                  <point x="1310" y="920"/>
                  <point x="1604" y="1174"/>
               </points>
            </Connector>
            <Connector class="oracle.dbtools.crest.swingui.relational.TVFKRelation" oid="29B45534-CF53-C78A-D09D-CA1D855A053E" otype="FKIndexAssociation" vid_source="A6BE00FA-33FD-23A0-15A1-009664186210" vid_target="C92F4EC7-F729-AE59-51F5-444CB2159AF0">
               <lineWidth>1</lineWidth>
               <points>
                  <point x="1445" y="687"/>
                  <point x="1525" y="687"/>
               </points>
            </Connector>
            <Connector class="oracle.dbtools.crest.swingui.relational.TVFKRelation" oid="2E97D1B2-51A0-0C99-1D59-D94F1B0C6426" otype="FKIndexAssociation" vid_source="529DCEDB-C353-426E-2D97-C1147886695B" vid_target="7ED92ACE-637F-B404-BFFD-B26996AFACDE">
               <lineWidth>1</lineWidth>
               <points>
                  <point x="950" y="1338"/>
                  <point x="950" y="1279"/>
               </points>
            </Connector>
            <Connector class="oracle.dbtools.crest.swingui.relational.TVFKRelation" oid="3238693B-920F-2818-DB18-A2F593E7F8C6" otype="FKIndexAssociation" vid_source="A6BE00FA-33FD-23A0-15A1-009664186210" vid_target="9F45A3BE-9687-6F1F-8AED-55C267FBAC3E">
               <lineWidth>1</lineWidth>
               <points>
                  <point x="1176" y="785"/>
                  <point x="659" y="1174"/>
               </points>
            </Connector>
            <Connector class="oracle.dbtools.crest.swingui.relational.TVFKRelation" oid="3D5E0D41-788D-6612-12A1-9CA12A7E1075" otype="FKIndexAssociation" vid_source="6E364471-20FF-AF08-7B91-4E421DF8A20E" vid_target="FA30A73F-97F5-405F-DD04-9E3E3ADB95FD">
               <lineWidth>1</lineWidth>
               <points>
                  <point x="2741" y="265"/>
                  <point x="2446" y="214"/>
                  <point x="2446" y="267"/>
                  <point x="2083" y="265"/>
               </points>
            </Connector>
            <Connector class="oracle.dbtools.crest.swingui.relational.TVFKRelation" oid="414C85C6-D68B-30F6-7F5D-BFD8BB858BF9" otype="FKIndexAssociation" vid_source="94D3185C-EE29-3EC1-8FCB-CC9C23D669E2" vid_target="A6BE00FA-33FD-23A0-15A1-009664186210">
               <lineWidth>1</lineWidth>
               <points>
                  <point x="3149" y="1109"/>
                  <point x="1445" y="785"/>
               </points>
            </Connector>
            <Connector class="oracle.dbtools.crest.swingui.relational.TVFKRelation" oid="53CA4645-6E41-490A-98E3-861591719C7B" otype="FKIndexAssociation" vid_source="B54615BD-2BB5-7FB4-8CDF-C1C579E0F818" vid_target="DC0632DE-656A-31C5-9CFE-713D2F0353FD">
               <lineWidth>1</lineWidth>
               <points>
                  <point x="414" y="993"/>
                  <point x="414" y="933"/>
               </points>
            </Connector>
            <Connector class="oracle.dbtools.crest.swingui.relational.TVFKRelation" oid="5E10ADDE-E74F-236B-B3AD-EF851CD106B4" otype="FKIndexAssociation" vid_source="928552DA-EAF8-FE91-2781-42D3C36CA93E" vid_target="A6BE00FA-33FD-23A0-15A1-009664186210">
               <lineWidth>1</lineWidth>
               <points>
                  <point x="2820" y="1109"/>
                  <point x="1445" y="785"/>
               </points>
            </Connector>
            <Connector class="oracle.dbtools.crest.swingui.relational.TVFKRelation" oid="609CF288-4F8F-8D9E-151F-065FCBAD4B3A" otype="FKIndexAssociation" vid_source="B2B8BD9E-056B-FD06-8DB8-A2D9F6838A9C" vid_target="FA30A73F-97F5-405F-DD04-9E3E3ADB95FD">
               <lineWidth>1</lineWidth>
               <points>
                  <point x="1379" y="288"/>
                  <point x="1632" y="375"/>
                  <point x="1632" y="281"/>
                  <point x="1871" y="288"/>
               </points>
            </Connector>
            <Connector class="oracle.dbtools.crest.swingui.relational.TVFKRelation" oid="6BD5DC4D-F1CD-ACA3-0985-C8BF4EA20542" otype="FKIndexAssociation" vid_source="32B74104-0CA1-1318-A157-0CD07BB5AEA1" vid_target="A6BE00FA-33FD-23A0-15A1-009664186210">
               <lineWidth>1</lineWidth>
               <points>
                  <point x="1525" y="877"/>
                  <point x="1445" y="877"/>
               </points>
            </Connector>
            <Connector class="oracle.dbtools.crest.swingui.relational.TVFKRelation" oid="6D930931-FBB6-C45C-8CDD-017F47F66A01" otype="FKIndexAssociation" vid_source="82B92040-74BF-7F0E-D2C1-694FEB0DF99E" vid_target="B2B8BD9E-056B-FD06-8DB8-A2D9F6838A9C">
               <lineWidth>1</lineWidth>
               <points>
                  <point x="1519" y="368"/>
                  <point x="1406" y="403"/>
                  <point x="1406" y="417"/>
                  <point x="1379" y="368"/>
               </points>
            </Connector>
            <Connector class="oracle.dbtools.crest.swingui.relational.TVFKRelation" oid="702CD6E1-9864-E93B-76D6-685B4BCCED60" otype="FKIndexAssociation" vid_source="A6BE00FA-33FD-23A0-15A1-009664186210" vid_target="6383392E-400C-8305-B7CD-A988D9DE280E">
               <lineWidth>1</lineWidth>
               <points>
                  <point x="1277" y="920"/>
                  <point x="1277" y="1174"/>
               </points>
            </Connector>
            <Connector class="oracle.dbtools.crest.swingui.relational.TVFKRelation" oid="73F4307D-9169-F595-AE7D-0DFE902DC934" otype="FKIndexAssociation" vid_source="6924A84E-5E7C-1944-55C4-609E4660E059" vid_target="2C5D0AB6-29B4-D35D-85F0-FD3EFA99BFA4">
               <lineWidth>1</lineWidth>
               <points>
                  <point x="3393" y="358"/>
                  <point x="3396" y="313"/>
                  <point x="3398" y="313"/>
                  <point x="3393" y="299"/>
               </points>
            </Connector>
            <Connector class="oracle.dbtools.crest.swingui.relational.TVFKRelation" oid="9123BB96-1B8C-488E-11C0-1E8090F76261" otype="FKIndexAssociation" vid_source="1CC37C19-5B28-6DEF-C4EB-225BD29BC579" vid_target="B2B8BD9E-056B-FD06-8DB8-A2D9F6838A9C">
               <lineWidth>1</lineWidth>
               <points>
                  <point x="2654" y="658"/>
                  <point x="1985" y="679"/>
                  <point x="1985" y="403"/>
                  <point x="1379" y="382"/>
               </points>
            </Connector>
            <Connector class="oracle.dbtools.crest.swingui.relational.TVFKRelation" oid="9212E55E-52C9-0E3B-874D-99C30CEFC745" otype="FKIndexAssociation" vid_source="F7C6B1A0-B48F-FE18-21F9-EB3E7FCEC053" vid_target="B2B8BD9E-056B-FD06-8DB8-A2D9F6838A9C">
               <lineWidth>1</lineWidth>
               <points>
                  <point x="1519" y="477"/>
                  <point x="1438" y="470"/>
                  <point x="1438" y="375"/>
                  <point x="1379" y="477"/>
               </points>
            </Connector>
            <Connector class="oracle.dbtools.crest.swingui.relational.TVFKRelation" oid="9614440D-01F3-0895-38B9-74CF4B62B822" otype="FKIndexAssociation" vid_source="6E364471-20FF-AF08-7B91-4E421DF8A20E" vid_target="C70F60B3-6864-D2C7-97F9-CFA965D54ECB">
               <lineWidth>1</lineWidth>
               <points>
                  <point x="2978" y="182"/>
                  <point x="3075" y="163"/>
                  <point x="3050" y="163"/>
                  <point x="2978" y="136"/>
               </points>
            </Connector>
            <Connector class="oracle.dbtools.crest.swingui.relational.TVFKRelation" oid="97D403F4-5325-399E-AA10-AB52D032DADE" otype="FKIndexAssociation" vid_source="0FF90DB8-46FB-F189-6F77-B11D51B0950D" vid_target="B3795C76-1C23-6E57-F271-21798FBC590D">
               <lineWidth>1</lineWidth>
               <points>
                  <point x="850" y="844"/>
                  <point x="728" y="723"/>
                  <point x="932" y="723"/>
                  <point x="850" y="634"/>
               </points>
            </Connector>
            <Connector class="oracle.dbtools.crest.swingui.relational.TVFKRelation" oid="99A5C9BD-D4FF-BA47-78BC-A9AF5624696F" otype="FKIndexAssociation" vid_source="442AE8AD-F612-52F2-802C-300683CCC812" vid_target="A6BE00FA-33FD-23A0-15A1-009664186210">
               <lineWidth>1</lineWidth>
               <points>
                  <point x="1970" y="895"/>
                  <point x="1445" y="895"/>
               </points>
            </Connector>
            <Connector class="oracle.dbtools.crest.swingui.relational.TVFKRelation" oid="9A70EA6A-9B2F-5F55-D302-C5950AD649F1" otype="FKIndexAssociation" vid_source="B2B8BD9E-056B-FD06-8DB8-A2D9F6838A9C" vid_target="9CF744CE-68D2-CC35-7D5E-9C2A125F869C">
               <lineWidth>1</lineWidth>
               <points>
                  <point x="1115" y="382"/>
                  <point x="803" y="417"/>
                  <point x="803" y="737"/>
                  <point x="535" y="702"/>
               </points>
            </Connector>
            <Connector class="oracle.dbtools.crest.swingui.relational.TVFKRelation" oid="9AB0C6BC-B8E6-3763-E79D-312D6EC2D544" otype="FKIndexAssociation" vid_source="2C5D0AB6-29B4-D35D-85F0-FD3EFA99BFA4" vid_target="C70F60B3-6864-D2C7-97F9-CFA965D54ECB">
               <lineWidth>1</lineWidth>
               <points>
                  <point x="3297" y="238"/>
                  <point x="3252" y="231"/>
                  <point x="3252" y="61"/>
                  <point x="3165" y="68"/>
               </points>
            </Connector>
            <Connector class="oracle.dbtools.crest.swingui.relational.TVFKRelation" oid="A3CD8C8C-EA8D-BA51-D345-59CE72C465AF" otype="FKIndexAssociation" vid_source="517DDC59-4A2E-DF45-A8A1-E31E773827C7" vid_target="9FB78FEA-1B03-2AF1-CCFA-93D100FD91D3">
               <lineWidth>1</lineWidth>
               <points>
                  <point x="3108" y="508"/>
                  <point x="3101" y="478"/>
                  <point x="3105" y="478"/>
                  <point x="3108" y="449"/>
               </points>
            </Connector>
            <Connector class="oracle.dbtools.crest.swingui.relational.TVFKRelation" oid="A56A4A6D-AFCE-8829-EC91-DA5220D2A88E" otype="FKIndexAssociation" vid_source="0EFFE7FE-9245-7134-6E28-653BB60CA3D5" vid_target="A6BE00FA-33FD-23A0-15A1-009664186210">
               <lineWidth>1</lineWidth>
               <points>
                  <point x="1525" y="782"/>
                  <point x="1445" y="782"/>
               </points>
            </Connector>
            <Connector class="oracle.dbtools.crest.swingui.relational.TVFKRelation" oid="AAF0A11D-50A1-D4CD-CD3A-CC70AD410BFC" otype="FKIndexAssociation" vid_source="0CEDB435-299F-DB18-32D0-B47FD7A4142C" vid_target="A6BE00FA-33FD-23A0-15A1-009664186210">
               <lineWidth>1</lineWidth>
               <points>
                  <point x="2500" y="1109"/>
                  <point x="1445" y="785"/>
               </points>
            </Connector>
            <Connector class="oracle.dbtools.crest.swingui.relational.TVFKRelation" oid="BAF33DFF-6BA0-F1FB-A356-E61E3CE627CB" otype="FKIndexAssociation" vid_source="82EBE001-DBE7-448F-FF25-5DD1A0A3DA49" vid_target="136497D9-277D-5385-0A9D-0990B71F9AE6">
               <lineWidth>1</lineWidth>
               <points>
                  <point x="1594" y="1353"/>
                  <point x="1594" y="1294"/>
               </points>
            </Connector>
            <Connector class="oracle.dbtools.crest.swingui.relational.TVFKRelation" oid="BD27836D-74CD-901F-2B3A-697EBBF545FD" otype="FKIndexAssociation" vid_source="C32F83EF-AC72-10BB-884C-9B05CDEA9595" vid_target="B2B8BD9E-056B-FD06-8DB8-A2D9F6838A9C">
               <lineWidth>1</lineWidth>
               <points>
                  <point x="2347" y="658"/>
                  <point x="1865" y="637"/>
                  <point x="1865" y="361"/>
                  <point x="1379" y="382"/>
               </points>
            </Connector>
            <Connector class="oracle.dbtools.crest.swingui.relational.TVFKRelation" oid="C162A12B-B6BB-5F52-BF2F-1474DDB6E920" otype="FKIndexAssociation" vid_source="A6BE00FA-33FD-23A0-15A1-009664186210" vid_target="F0A302AB-B85D-7319-D06E-1EACC85A4AF7">
               <lineWidth>1</lineWidth>
               <points>
                  <point x="1445" y="785"/>
                  <point x="1971" y="1064"/>
               </points>
            </Connector>
            <Connector class="oracle.dbtools.crest.swingui.relational.TVFKRelation" oid="C276A54F-6C6A-23D6-3DC6-2D85907BFC29" otype="FKIndexAssociation" vid_source="C70F60B3-6864-D2C7-97F9-CFA965D54ECB" vid_target="1B0ACC4B-7025-4132-6EDF-D3F5AB2755EB">
               <lineWidth>1</lineWidth>
               <points>
                  <point x="2977" y="67"/>
                  <point x="1351" y="67"/>
               </points>
            </Connector>
            <Connector class="oracle.dbtools.crest.swingui.relational.TVFKRelation" oid="C317816C-80F6-84E1-EF01-4DEB4D17D198" otype="FKIndexAssociation" vid_source="A6BE00FA-33FD-23A0-15A1-009664186210" vid_target="B2B8BD9E-056B-FD06-8DB8-A2D9F6838A9C">
               <lineWidth>1</lineWidth>
               <points>
                  <point x="1277" y="650"/>
                  <point x="1289" y="578"/>
                  <point x="1226" y="578"/>
                  <point x="1277" y="570"/>
               </points>
            </Connector>
            <Connector class="oracle.dbtools.crest.swingui.relational.TVFKRelation" oid="C6D915BA-01F5-B456-FFB0-D9EC2F578DD1" otype="FKIndexAssociation" vid_source="B2B8BD9E-056B-FD06-8DB8-A2D9F6838A9C" vid_target="1B0ACC4B-7025-4132-6EDF-D3F5AB2755EB">
               <lineWidth>1</lineWidth>
               <points>
                  <point x="1235" y="195"/>
                  <point x="1235" y="135"/>
               </points>
            </Connector>
            <Connector class="oracle.dbtools.crest.swingui.relational.TVFKRelation" oid="C71997C7-808B-EC13-EFBA-C8063111E174" otype="FKIndexAssociation" vid_source="13E2F46F-008F-76B6-5F98-92A93F40F25A" vid_target="DC0632DE-656A-31C5-9CFE-713D2F0353FD">
               <lineWidth>1</lineWidth>
               <points>
                  <point x="611" y="858"/>
                  <point x="531" y="858"/>
               </points>
            </Connector>
            <Connector class="oracle.dbtools.crest.swingui.relational.TVFKRelation" oid="CEAFCDB0-0DE2-8385-6188-1FF553763E49" otype="FKIndexAssociation" vid_source="B2B8BD9E-056B-FD06-8DB8-A2D9F6838A9C" vid_target="1B0ACC4B-7025-4132-6EDF-D3F5AB2755EB">
               <lineWidth>1</lineWidth>
               <points>
                  <point x="1245" y="195"/>
                  <point x="1245" y="135"/>
               </points>
            </Connector>
            <Connector class="oracle.dbtools.crest.swingui.relational.TVFKRelation" oid="D4FA8307-16FF-DB1A-164C-85F2FF195F89" otype="FKIndexAssociation" vid_source="D39FD9F4-A182-258D-C5C0-E02956AB8C5C" vid_target="B2B8BD9E-056B-FD06-8DB8-A2D9F6838A9C">
               <lineWidth>1</lineWidth>
               <points>
                  <point x="1519" y="224"/>
                  <point x="1462" y="174"/>
                  <point x="1462" y="347"/>
                  <point x="1379" y="224"/>
               </points>
            </Connector>
            <Connector class="oracle.dbtools.crest.swingui.relational.TVFKRelation" oid="DB255F1A-83FE-3C22-D5F0-BDFB8D82500A" otype="FKIndexAssociation" vid_source="2C5D0AB6-29B4-D35D-85F0-FD3EFA99BFA4" vid_target="9FB78FEA-1B03-2AF1-CCFA-93D100FD91D3">
               <lineWidth>1</lineWidth>
               <points>
                  <point x="3405" y="299"/>
                  <point x="3281" y="217"/>
                  <point x="3281" y="382"/>
                  <point x="3112" y="358"/>
               </points>
            </Connector>
            <Connector class="oracle.dbtools.crest.swingui.relational.TVFKRelation" oid="EF842FDB-A685-018D-C0C0-E4DB26E57A76" otype="FKIndexAssociation" vid_source="B2B8BD9E-056B-FD06-8DB8-A2D9F6838A9C" vid_target="B3795C76-1C23-6E57-F271-21798FBC590D">
               <lineWidth>1</lineWidth>
               <points>
                  <point x="1115" y="535"/>
                  <point x="1077" y="417"/>
                  <point x="1077" y="602"/>
                  <point x="1033" y="535"/>
               </points>
            </Connector>
            <Connector class="oracle.dbtools.crest.swingui.relational.TVFKRelation" oid="F15BA34A-1F14-9029-E16E-24DE48C14CE7" otype="FKIndexAssociation" vid_source="6E364471-20FF-AF08-7B91-4E421DF8A20E" vid_target="2C5D0AB6-29B4-D35D-85F0-FD3EFA99BFA4">
               <lineWidth>1</lineWidth>
               <points>
                  <point x="2980" y="225"/>
                  <point x="3235" y="252"/>
                  <point x="3235" y="259"/>
                  <point x="3297" y="225"/>
               </points>
            </Connector>
         </connectors>
      </Display>
   </displays>
</Diagram>