<?xml version = '1.0' encoding = 'UTF-8'?>
<DataTypesDesign class="oracle.dbtools.crest.model.design.datatypes.DataTypesDesign" name="DataTypes" id="964FB5F9-3C3C-810F-5AC2-F44B638EF19C" mainViewID="CBC0321D-65EA-A51E-237D-66F21377C792">
   <createdBy>bboy</createdBy>
   <createdTime>2012-01-29 05:02:35 UTC</createdTime>
   <changedBy>bboy</changedBy>
   <changedTime>2012-01-29 05:02:35 UTC</changedTime>
   <ownerDesignName>MedGest</ownerDesignName>
   <shouldBeOpen>false</shouldBeOpen>
</DataTypesDesign>